Time (s),Venous (mmHg),FAP (mmHg),Arterial - Pigtail (mmHg),Swan (mmHg),EKG (mV)
45011.6144,16.25,41.625,-14.83245,-2.625,0.002897583
45011.6169,16.25,41.5625,-14.85365,-2.0625,0.002936516
45011.6194,16.3125,41.5,-14.91772,-2.0625,0.00295676
45011.6219,16.5,41.25,-15.01331,-2.3125,0.002936516
45011.6244,16.5,41.125,-15.11675,-2.125,0.002913156
45011.6269,16.5,40.875,-15.20128,-2.25,0.002927172
45011.6294,16.5,40.75,-15.24904,-2.25,0.002950531
45011.6319,16.6875,40.75,-15.25938,-2.25,0.002961432
45011.6344,16.8125,40.5,-15.24927,-2.125,0.002958318
45011.6369,17.0625,40.375,-15.2446,-2.25,0.002934958
45011.6394,17.25,40.1875,-15.2665,-1.875,0.002947417
45011.6419,17.1875,40.0,-15.31957,-2.3125,0.002972333
45011.6444,17.3125,39.875,-15.38853,-1.875,0.002995693
45011.6469,17.25,39.75,-15.44588,-1.8125,0.002952089
45011.6494,17.1875,39.8125,-15.46691,-2.0,0.00288201
45011.6519,17.1875,39.75,-15.44433,-2.3125,0.002878895
45011.6544,16.8125,39.375,-15.39413,-1.6875,0.002983235
45011.6569,16.875,39.3125,-15.34846,-1.9375,0.003187241
45011.6594,16.875,39.125,-15.33883,-2.0,0.00346444
45011.6619,16.8125,39.0,-15.37838,-2.0625,0.003671561
45011.6644,16.6875,38.6875,-15.45347,-2.0625,0.003651316
45011.6669,16.5,38.75,-15.52982,-1.5,0.003263549
45011.6694,16.4375,38.5625,-15.57072,-2.0625,0.002850864
45011.6719,16.75,38.5,-15.55657,-2.375,0.00282439
45011.6744,16.6875,38.3125,-15.4936,-1.875,0.002830619
45011.6769,16.4375,38.25,-15.40485,-2.125,0.002867994
45011.6794,16.5,38.1875,-15.30656,-2.1875,0.002906927
45011.6819,16.5,37.875,-15.18264,-2.1875,0.002955203
45011.6844,16.5625,37.6875,-14.97323,-2.375,0.002998808
45011.6869,16.5625,38.0,-14.58714,-2.3125,0.003051756
45011.6894,16.4375,38.0,-13.9355,-2.125,0.003062657
45011.6919,16.3125,37.8125,-12.97142,-1.625,0.00302061
45011.6944,16.625,37.5625,-11.71468,-1.8125,0.003000365
45011.6969,16.75,37.3125,-10.24714,-2.125,0.003009709
45011.6994,16.6875,37.25,-8.678582,-1.75,0.003014381
45011.7019,16.5625,37.0,-7.099009,-1.8125,0.003028396
45011.7044,16.5,36.875,-5.541331,-2.125,0.003008151
45011.7069,16.6875,36.8125,-3.974815,-2.0,0.003011266
45011.7094,16.6875,36.5625,-2.334131,-2.0,0.003017495
45011.7119,16.75,36.625,-0.5694996,-2.0625,0.003012823
45011.7144,16.6875,36.5,1.309446,-2.4375,0.00302061
45011.7169,16.625,36.5625,3.222441,-2.0625,0.003008151
45011.7194,16.5625,36.3125,5.050712,-1.875,0.003009709
45011.7219,16.625,36.125,6.700876,-2.0,0.003022167
45011.7244,16.75,36.0,8.17057,-2.1875,0.003042412
45011.7269,16.875,36.0625,9.581779,-2.1875,0.003009709
45011.7294,16.8125,35.9375,11.16046,-2.1875,0.003001922
45011.7319,16.8125,35.875,13.16503,-2.5625,0.003028396
45011.7344,16.75,35.6875,15.79016,-2.3125,0.003028396
45011.7369,16.875,35.625,19.08476,-2.875,0.003015938
45011.7394,16.9375,35.375,22.91857,-2.875,0.003003479
45011.7419,16.8125,35.3125,27.01217,-2.1875,0.002995693
45011.7444,16.8125,35.0625,31.0192,-2.625,0.003017495
45011.7469,16.8125,35.125,34.62957,-2.375,0.003017495
45011.7494,16.6875,35.0,37.65517,-2.5625,0.003017495
45011.7519,16.8125,34.8125,40.06871,-2.6875,0.002998808
45011.7544,16.6875,34.6875,41.98567,-2.875,0.003000365
45011.7569,17.0,34.625,43.60075,-3.0,0.003033068
45011.7594,16.75,34.5,45.10524,-2.625,0.003033068
45011.7619,16.6875,34.3125,46.61658,-2.6875,0.00302061
45011.7644,16.5,34.375,48.14398,-2.5625,0.002991021
45011.7669,16.75,34.375,49.59749,-2.3125,0.00298012
45011.7694,16.75,34.125,50.83391,-1.9375,0.002989464
45011.7719,16.75,34.1875,51.72039,-1.8125,0.003019052
45011.7744,16.625,34.0,52.19248,-1.3125,0.003022167
45011.7769,16.625,34.0,52.28669,-1.4375,0.003009709
45011.7794,16.75,33.625,52.13749,-1.4375,0.003005037
45011.7819,16.75,33.5,51.93962,-1.625,0.003017495
45011.7844,16.8125,33.1875,51.88943,-1.375,0.003023724
45011.7869,16.5625,33.125,52.12542,-1.8125,0.003025282
45011.7894,16.625,33.3125,52.68907,-1.75,0.002998808
45011.7919,16.6875,33.125,53.51925,-1.5,0.003017495
45011.7944,16.75,33.0625,54.48219,-1.875,0.003023724
45011.7969,16.5625,32.9375,55.42505,-2.0,0.003033068
45011.7994,16.375,32.5625,56.23258,-2.1875,0.003031511
45011.8019,16.5,32.75,56.86572,-2.375,0.003029954
45011.8044,16.375,32.375,57.36818,-2.125,0.003047084
45011.8069,16.625,32.4375,57.84079,-1.6875,0.003033068
45011.8094,16.5625,32.375,58.3956,-1.8125,0.003034625
45011.8119,16.5,32.125,59.10993,-2.0,0.003017495
45011.8144,16.5,32.0625,59.99848,-1.75,0.003043969
45011.8169,16.5625,31.9375,61.01282,-1.6875,0.003065771
45011.8194,16.5,31.875,62.06482,-1.8125,0.003042412
45011.8219,16.5,31.875,63.06108,-1.5,0.003036183
45011.8244,16.375,31.75,63.93205,-1.75,0.003028396
45011.8269,16.25,31.4375,64.64444,-2.25,0.003034625
45011.8294,16.1875,31.375,65.19491,-2.125,0.003090688
45011.8319,16.3125,31.375,65.59249,-1.8125,0.003079787
45011.8344,16.4375,31.25,65.84143,-2.0,0.003064214
45011.8369,16.375,31.375,65.93436,-1.4375,0.003059542
45011.8394,16.3125,31.125,65.85862,-1.3125,0.003082902
45011.8419,16.125,31.375,65.6105,-1.5,0.003124949
45011.8444,16.0625,31.1875,65.20808,-1.0,0.003114048
45011.8469,16.125,31.5,64.6941,-1.6875,0.003115605
45011.8494,16.0,31.4375,64.12576,-1.8125,0.003149866
45011.8519,16.0625,31.5,63.55593,-1.9375,0.003184126
45011.8544,16.0625,31.375,63.01474,-1.5625,0.003199699
45011.8569,15.75,31.5,62.50079,-1.625,0.003190355
45011.8594,15.625,31.5,61.98642,-2.0625,0.003204371
45011.8619,15.6875,31.5,61.43502,-2.375,0.003207486
45011.8644,15.625,31.4375,60.8218,-2.0625,0.003218387
45011.8669,15.625,31.5625,60.14861,-2.25,0.003235517
45011.8694,15.6875,31.6875,59.44611,-2.0625,0.003226173
45011.8719,15.6875,31.75,58.76215,-1.8125,0.003218387
45011.8744,15.8125,31.875,58.14239,-1.875,0.003173225
45011.8769,15.875,32.125,57.61158,-2.0,0.003173225
45011.8794,15.625,32.125,57.16438,-2.25,0.003149866
45011.8819,15.4375,32.5,56.76917,-2.125,0.003104704
45011.8844,15.4375,33.25,56.38316,-2.0,0.003064214
45011.8869,15.5625,34.0,55.97164,-2.125,0.003029954
45011.8894,15.4375,34.875,55.52277,-1.8125,0.003022167
45011.8919,15.5,36.0,55.05176,-1.9375,0.00299725
45011.8944,15.5625,37.0,54.59301,-2.0625,0.002983235
45011.8969,15.25,37.875,54.18414,-1.8125,0.00298012
45011.8994,15.25,38.75,53.84826,-1.9375,0.00298012
45011.9019,15.125,39.5,53.58072,-1.875,0.00298012
45011.9044,15.25,40.0625,53.34426,-1.6875,0.002947417
45011.9069,15.3125,40.75,53.07322,-1.625,0.002925614
45011.9094,15.3125,41.5625,52.68402,-1.625,0.002945859
45011.9119,15.1875,41.875,52.08839,-1.3125,0.002928729
45011.9144,15.0625,42.25,51.20597,-1.25,0.002950531
45011.9169,15.25,42.875,49.97424,-1.75,0.002924057
45011.9194,15.1875,43.5625,48.35445,-1.6875,0.002906927
45011.9219,15.4375,44.1875,46.33324,-1.8125,0.002924057
45011.9244,15.25,44.875,43.92025,-1.6875,0.002931844
45011.9269,15.3125,45.25,41.14128,-1.9375,0.00295676
45011.9294,15.25,45.9375,38.02895,-2.0,0.002934958
45011.9319,15.125,46.625,34.61391,-2.1875,0.002902255
45011.9344,15.1875,47.0625,30.92192,-2.3125,0.002914713
45011.9369,15.3125,47.5,26.97961,-2.1875,0.002924057
45011.9394,15.125,48.25,22.82845,-1.875,0.002924057
45011.9419,15.5,48.875,18.54221,-1.75,0.002892911
45011.9444,15.25,49.25,14.2395,-1.625,0.002905369
45011.9469,15.125,49.75,10.0825,-1.0,0.002925614
45011.9494,15.0625,50.3125,6.257236,-1.625,0.002961432
45011.9519,14.9375,50.875,2.937848,-2.1875,0.002941187
45011.9544,14.875,51.375,0.245403,-1.5625,0.002903812
45011.9569,14.9375,51.8125,-1.783997,-1.9375,0.002947417
45011.9594,14.9375,52.3125,-3.208495,-2.25,0.002969219
45011.9619,14.9375,52.5625,-4.161576,-2.3125,0.00296299
45011.9644,15.0625,52.75,-4.810524,-2.25,0.002927172
45011.9669,14.9375,53.25,-5.306943,-2.3125,0.00295676
45011.9694,14.9375,53.6875,-5.747748,-2.0625,0.002970776
45011.9719,14.875,54.1875,-6.160683,-1.625,0.002970776
45011.9744,14.9375,54.625,-6.518037,-1.875,0.002966104
45011.9769,14.9375,54.9375,-6.770735,-1.6875,0.002953646
45011.9794,15.0,55.4375,-6.886555,-1.75,0.002966104
45011.9819,15.0625,55.75,-6.875691,-1.8125,0.002995693
45011.9844,15.0,56.125,-6.793263,-1.6875,0.002994136
45011.9869,15.0625,56.375,-6.719397,-1.5,0.002975448
45011.9894,15.25,56.625,-6.727662,-1.6875,0.002975448
45011.9919,15.1875,56.875,-6.857391,-1.5,0.002981677
45011.9944,15.1875,57.1875,-7.102655,-1.5625,0.003022167
45011.9969,15.0,57.25,-7.422353,-1.625,0.003011266
45011.9994,14.875,57.0625,-7.764932,-2.1875,0.002987906
45012.0019,15.375,57.5,-8.094454,-1.875,0.002983235
45012.0044,15.4375,57.25,-8.404297,-1.9375,0.002992578
45012.0069,15.0625,57.0,-8.711837,-1.8125,0.003022167
45012.0094,15.0625,57.25,-9.037085,-2.1875,0.003003479
45012.0119,15.1875,57.125,-9.377674,-2.5,0.002977005
45012.0144,15.375,56.875,-9.694756,-2.3125,0.00298012
45012.0169,15.125,56.5,-9.919759,-2.375,0.002986349
45012.0194,15.1875,56.0625,-9.980999,-2.625,0.003005037
45012.0219,15.4375,55.8125,-9.838126,-2.6875,0.003022167
45012.0244,15.3125,55.75,-9.50665,-2.4375,0.002989464
45012.0269,15.5,55.375,-9.057951,-2.3125,0.002972333
45012.0294,15.25,54.9375,-8.591265,-2.1875,0.003005037
45012.0319,15.3125,54.4375,-8.188975,-2.1875,0.003022167
45012.0344,15.3125,54.1875,-7.876301,-2.25,0.003000365
45012.0369,15.4375,54.0,-7.607398,-2.625,0.002992578
45012.0394,15.5625,53.8125,-7.288244,-2.5,0.003000365
45012.0419,15.5,53.6875,-6.828791,-2.375,0.003022167
45012.0444,15.375,53.625,-6.200984,-2.375,0.003023724
45012.0469,15.3125,53.4375,-5.472871,-2.5,0.003023724
45012.0494,15.5,53.5625,-4.797783,-3.125,0.003008151
45012.0519,15.6875,53.6875,-4.357855,-2.8125,0.002987906
45012.0544,15.5625,53.375,-4.28379,-2.4375,0.003015938
45012.0569,15.5,53.125,-4.587221,-2.625,0.003025282
45012.0594,15.3125,52.75,-5.139276,-2.0625,0.002994136
45012.0619,15.4375,52.3125,-5.710152,-2.375,0.003019052
45012.0644,15.5625,51.9375,-6.056574,-2.125,0.003036183
45012.0669,15.6875,51.6875,-6.02082,-2.375,0.00303774
45012.0694,15.5625,51.375,-5.597796,-2.75,0.002989464
45012.0719,15.8125,51.0,-4.939507,-2.25,0.002969219
45012.0744,15.5625,50.5625,-4.293853,-2.3125,0.003000365
45012.0769,15.6875,50.1875,-3.904004,-2.1875,0.003026839
45012.0794,15.625,49.9375,-3.912557,-1.8125,0.003033068
45012.0819,15.625,49.625,-4.31108,-2.125,0.00299725
45012.0844,15.6875,49.4375,-4.954765,-2.0625,0.002984792
45012.0869,15.875,49.3125,-5.631374,-1.9375,0.002987906
45012.0894,15.875,49.0,-6.150719,-2.0,0.003014381
45012.0919,15.625,48.5625,-6.413613,-2.0,0.003019052
45012.0944,15.8125,48.3125,-6.432715,-2.125,0.002986349
45012.0969,15.8125,48.0,-6.301972,-1.6875,0.00299725
45012.0994,15.875,47.875,-6.13584,-2.125,0.003005037
45012.1019,15.9375,47.8125,-6.011505,-1.9375,0.003014381
45012.1044,15.6875,47.25,-5.94135,-2.0625,0.003026839
45012.1069,15.6875,47.125,-5.884759,-2.1875,0.002984792
45012.1094,15.875,47.125,-5.786873,-2.5,0.003006594
45012.1119,15.625,46.625,-5.619821,-2.75,0.003012823
45012.1144,15.75,46.5,-5.403106,-2.9375,0.002998808
45012.1169,15.625,46.5625,-5.193684,-2.625,0.002978563
45012.1194,15.375,45.875,-5.053792,-2.5625,0.002964547
45012.1219,15.375,46.0625,-5.01629,-2.3125,0.00299725
45012.1244,15.5625,45.875,-5.067644,-2.125,0.003008151
45012.1269,15.5625,45.4375,-5.157462,-2.3125,0.002987906
45012.1294,15.6875,45.3125,-5.228658,-2.0,0.003011266
45012.1319,15.8125,45.375,-5.250552,-1.6875,0.003076673
45012.1344,15.625,44.9375,-5.236615,-1.875,0.003104704
45012.1369,15.4375,44.8125,-5.237143,-1.9375,0.003093803
45012.1394,15.3125,44.6875,-5.311408,-1.8125,0.003090688
45012.1419,15.5,44.4375,-5.494577,-1.6875,0.003086016
45012.1444,15.8125,44.25,-5.776828,-1.9375,0.003120277
45012.1469,15.875,44.25,-6.105071,-2.1875,0.003156095
45012.1494,15.8125,44.1875,-6.405674,-1.8125,0.003129621
45012.1519,15.4375,43.75,-6.616536,-1.4375,0.003082902
45012.1544,15.0,43.625,-6.710938,-1.625,0.003019052
45012.1569,15.5,43.375,-6.702935,-1.4375,0.00302061
45012.1594,16.0625,43.3125,-6.633002,-1.6875,0.003012823
45012.1619,16.25,43.375,-6.543152,-1.8125,0.002998808
45012.1644,15.375,42.875,-6.455518,-1.4375,0.003000365
45012.1669,14.6875,42.5,-6.36563,-1.9375,0.00299725
45012.1694,15.6875,42.625,-6.252372,-1.9375,0.003001922
45012.1719,16.4375,42.6875,-6.09859,-1.9375,0.002992578
45012.1744,16.0625,42.4375,-5.910089,-1.9375,0.002986349
45012.1769,15.25,42.25,-5.722104,-2.0,0.003005037
45012.1794,15.4375,41.9375,-5.588546,-1.625,0.002994136
45012.1819,15.75,41.9375,-5.558666,-1.9375,0.002986349
45012.1844,16.1875,41.75,-5.652115,-1.4375,0.002991021
45012.1869,15.875,41.75,-5.844917,-1.4375,0.002986349
45012.1894,15.25,41.25,-6.074094,-1.625,0.002992578
45012.1919,15.1875,41.25,-6.260135,-1.4375,0.002987906
45012.1944,15.5,41.25,-6.33807,-1.6875,0.002998808
45012.1969,15.8125,40.8125,-6.283727,-1.875,0.002991021
45012.1994,15.8125,40.8125,-6.123864,-1.5,0.002986349
45012.2019,15.5625,40.625,-5.925568,-2.0625,0.002992578
45012.2044,15.3125,40.5625,-5.769426,-1.75,0.003011266
45012.2069,15.4375,40.375,-5.717919,-2.25,0.003017495
45012.2094,15.5,40.3125,-5.792355,-2.1875,0.00299725
45012.2119,15.375,40.0625,-5.967604,-2.0625,0.002969219
45012.2144,15.3125,39.875,-6.185819,-1.875,0.002919385
45012.2169,15.375,40.0,-6.381999,-1.4375,0.002874223
45012.2194,15.125,39.625,-6.509447,-1.625,0.0029225
45012.2219,15.3125,39.75,-6.554178,-2.0,0.003081344
45012.2244,15.25,39.625,-6.533172,-1.625,0.003305596
45012.2269,14.8125,39.0625,-6.479557,-2.0625,0.003529847
45012.2294,14.75,39.1875,-6.423368,-1.8125,0.003671561
45012.2319,14.6875,39.5625,-6.37817,-1.75,0.00347067
45012.2344,14.9375,39.375,-6.33924,-1.5,0.003006594
45012.2369,15.5625,39.0625,-6.29185,-1.0,0.002799473
45012.2394,16.625,39.125,-6.22262,-1.4375,0.002780785
45012.2419,16.0,39.0,-6.125343,-1.3125,0.002805702
45012.2444,14.6875,38.6875,-5.996827,-1.625,0.002863322
45012.2469,14.875,38.875,-5.8253,-1.25,0.002925614
45012.2494,16.125,38.5625,-5.579461,-1.4375,0.002966104
45012.2519,16.4375,38.25,-5.207141,-1.4375,0.002970776
45012.2544,15.9375,38.25,-4.647553,-1.8125,0.003005037
45012.2569,15.4375,38.3125,-3.853205,-1.625,0.003006594
45012.2594,15.625,38.25,-2.810582,-1.875,0.002977005
45012.2619,15.5625,37.9375,-1.548542,-1.4375,0.002998808
45012.2644,15.6875,37.75,-0.1287851,-1.625,0.003005037
45012.2669,15.9375,37.625,1.376948,-2.0625,0.003008151
45012.2694,15.8125,37.5625,2.911149,-2.375,0.002989464
45012.2719,15.5,37.5625,4.443002,-2.0,0.002984792
45012.2744,15.25,37.375,5.963272,-2.3125,0.003000365
45012.2769,15.5,37.3125,7.466408,-2.25,0.003008151
45012.2794,15.8125,37.3125,8.934043,-1.9375,0.003017495
45012.2819,15.75,37.0625,10.33413,-1.5625,0.003000365
45012.2844,15.5625,36.9375,11.64179,-1.75,0.003000365
45012.2869,15.1875,36.8125,12.87363,-1.8125,0.003017495
45012.2894,15.1875,36.75,14.11615,-1.8125,0.00302061
45012.2919,15.3125,36.625,15.52715,-2.0,0.003009709
45012.2944,15.5625,36.5625,17.29988,-1.5625,0.00299725
45012.2969,15.8125,36.4375,19.59865,-1.5,0.003015938
45012.2994,15.625,36.4375,22.49161,-1.6875,0.003034625
45012.3019,15.625,36.4375,25.91142,-1.5,0.003029954
45012.3044,15.6875,36.3125,29.66487,-1.6875,0.003026839
45012.3069,15.8125,36.125,33.48977,-1.875,0.003006594
45012.3094,16.0625,36.0625,37.13562,-2.0,0.002998808
45012.3119,16.0625,36.0,40.43201,-1.625,0.003008151
45012.3144,15.75,35.875,43.31509,-1.8125,0.003026839
45012.3169,15.8125,35.625,45.80328,-1.875,0.00303774
45012.3194,15.875,35.6875,47.93937,-2.1875,0.003011266
45012.3219,15.8125,35.5,49.73211,-2.375,0.002994136
45012.3244,15.875,35.4375,51.12991,-2.4375,0.003019052
45012.3269,15.875,35.5,52.04251,-2.5,0.003042412
45012.3294,15.875,35.25,52.39891,-2.6875,0.003034625
45012.3319,15.6875,35.25,52.20926,-2.625,0.003008151
45012.3344,15.75,35.125,51.5955,-2.3125,0.002998808
45012.3369,16.0,35.0625,50.77103,-2.9375,0.003011266
45012.3394,16.0625,34.875,49.97602,-2.9375,0.00303774
45012.3419,15.9375,34.6875,49.39847,-3.125,0.003039297
45012.3444,15.8125,34.75,49.11852,-3.125,0.003014381
45012.3469,15.8125,34.5625,49.10189,-2.9375,0.003056428
45012.3494,15.8125,34.625,49.24356,-2.8125,0.003067329
45012.3519,15.9375,34.5,49.43848,-3.25,0.003026839
45012.3544,15.875,34.1875,49.64335,-2.6875,0.003009709
45012.3569,15.75,34.0625,49.90047,-2.5625,0.003031511
45012.3594,15.5625,34.25,50.31486,-2.4375,0.003057985
45012.3619,15.4375,34.0,50.99929,-2.1875,0.003042412
45012.3644,15.1875,33.4375,52.01685,-2.3125,0.003056428
45012.3669,15.8125,34.375,53.34816,-2.4375,0.003034625
45012.3694,16.5,34.1875,54.89589,-2.1875,0.003031511
45012.3719,15.8125,33.625,56.51899,-2.25,0.003067329
45012.3744,15.5,33.8125,58.07609,-2.4375,0.0030611
45012.3769,15.4375,33.5625,59.45684,-2.5625,0.003028396
45012.3794,15.125,33.3125,60.59101,-2.1875,0.003023724
45012.3819,15.6875,33.6875,61.43931,-2.0625,0.003053313
45012.3844,16.3125,33.5,61.97997,-2.375,0.003082902
45012.3869,16.0625,33.25,62.20364,-2.3125,0.003051756
45012.3894,15.1875,33.1875,62.12036,-2.0,0.003051756
45012.3919,15.4375,33.0,61.77133,-2.4375,0.003056428
45012.3944,16.0,33.0,61.23331,-2.5,0.003075115
45012.3969,16.125,33.0,60.60703,-2.375,0.003103147
45012.3994,15.9375,33.0,59.99202,-1.8125,0.003093803
45012.4019,15.8125,32.875,59.45927,-2.3125,0.003087574
45012.4044,15.625,32.8125,59.03626,-3.0,0.003082902
45012.4069,15.625,32.8125,58.71221,-3.0,0.003109376
45012.4094,16.0625,32.6875,58.45911,-2.3125,0.00311872
45012.4119,16.125,32.75,58.25489,-2.375,0.003134293
45012.4144,16.0,32.75,58.09383,-2.3125,0.003154538
45012.4169,15.875,32.625,57.97773,-2.0625,0.003166996
45012.4194,16.0,32.875,57.89472,-1.875,0.003177897
45012.4219,15.9375,32.5,57.80166,-1.875,0.003188798
45012.4244,15.9375,32.5,57.62551,-2.0,0.0032106
45012.4269,16.1875,32.875,57.2877,-2.125,0.003247976
45012.4294,16.375,32.75,56.7409,-1.75,0.00325109
45012.4319,16.1875,32.75,55.99799,-1.8125,0.003268221
45012.4344,15.9375,32.875,55.13501,-2.125,0.003265106
45012.4369,15.625,33.125,54.2636,-1.8125,0.003255762
45012.4394,16.0,33.625,53.4854,-1.8125,0.003258877
45012.4419,16.625,34.1875,52.85259,-2.0625,0.00325109
45012.4444,16.25,34.5,52.35614,-1.6875,0.003246418
45012.4469,15.8125,35.0625,51.94835,-1.5625,0.003184126
45012.4494,15.75,35.9375,51.58578,-2.0625,0.003143636
45012.4519,16.25,36.8125,51.26667,-1.9375,0.003123392
45012.4544,16.375,37.5,51.0388,-1.9375,0.003106261
45012.4569,16.0625,38.1875,50.97089,-2.0625,0.00309536
45012.4594,15.9375,38.6875,51.10225,-1.9375,0.003059542
45012.4619,15.9375,39.125,51.39932,-2.125,0.003033068
45012.4644,15.9375,39.875,51.74553,-2.125,0.003043969
45012.4669,16.4375,40.1875,51.97353,-2.1875,0.003039297
45012.4694,15.9375,40.75,51.92472,-2.125,0.003047084
45012.4719,15.4375,41.0,51.50554,-2.1875,0.003003479
45012.4744,15.875,41.6875,50.7109,-2.125,0.002984792
45012.4769,16.5,42.1875,49.60305,-2.0,0.002998808
45012.4794,16.625,42.875,48.25888,-2.0,0.00302061
45012.4819,15.9375,43.3125,46.71605,-1.6875,0.003005037
45012.4844,15.6875,43.5,44.94792,-1.8125,0.002973891
45012.4869,15.75,44.0625,42.88052,-1.9375,0.002991021
45012.4894,16.625,45.125,40.43983,-2.0625,0.003014381
45012.4919,17.0,45.5,37.59993,-1.4375,0.00302061
45012.4944,16.5625,45.9375,34.4031,-1.875,0.003012823
45012.4969,16.375,46.4375,30.94007,-2.125,0.00299725
45012.4994,16.375,46.875,27.30392,-2.25,0.002995693
45012.5019,15.9375,47.0,23.54792,-2.1875,0.002994136
45012.5044,16.0625,47.5,19.67648,-2.0,0.002989464
45012.5069,16.375,48.0625,15.67838,-1.8125,0.002984792
45012.5094,16.3125,48.6875,11.58517,-2.0625,0.002986349
45012.5119,15.875,49.125,7.519699,-2.0625,0.003008151
45012.5144,16.0,49.5,3.700784,-2.3125,0.003006594
45012.5169,16.1875,49.6875,0.3922221,-2.5625,0.002994136
45012.5194,16.25,50.4375,-2.185524,-2.375,0.002978563
45012.5219,16.375,50.875,-3.940596,-2.5,0.002986349
45012.5244,16.3125,51.0,-4.949462,-2.9375,0.003015938
45012.5269,15.9375,51.375,-5.429956,-2.625,0.003023724
45012.5294,15.8125,51.625,-5.658339,-2.875,0.00299725
45012.5319,16.25,52.0625,-5.868342,-2.6875,0.002973891
45012.5344,16.375,52.875,-6.177822,-2.0,0.002989464
45012.5369,16.125,52.875,-6.573708,-2.375,0.00302061
45012.5394,15.8125,53.3125,-6.956186,-2.125,0.003012823
45012.5419,15.875,53.3125,-7.214957,-2.25,0.002995693
45012.5444,16.0625,53.5625,-7.297843,-2.0,0.002966104
45012.5469,16.0625,54.0625,-7.240205,-2.1875,0.002992578
45012.5494,16.0625,54.3125,-7.146651,-2.5625,0.003034625
45012.5519,15.875,54.375,-7.140569,-2.5,0.003001922
45012.5544,16.0,54.625,-7.310724,-2.375,0.002998808
45012.5569,16.3125,54.8125,-7.680759,-2.4375,0.002978563
45012.5594,16.375,55.0625,-8.211738,-2.875,0.003003479
45012.5619,15.9375,55.0625,-8.829798,-3.0,0.003009709
45012.5644,15.75,55.0625,-9.460262,-2.8125,0.003001922
45012.5669,15.6875,55.1875,-10.05101,-2.75,0.003006594
45012.5694,15.8125,55.0625,-10.5775,-2.625,0.002995693
45012.5719,16.5625,55.4375,-11.03412,-2.0625,0.002994136
45012.5744,16.25,54.875,-11.42184,-2.5,0.002998808
45012.5769,15.4375,54.5625,-11.74085,-2.25,0.002998808
45012.5794,15.4375,54.6875,-11.98913,-2.8125,0.00299725
45012.5819,16.125,54.4375,-12.16279,-2.6875,0.002992578
45012.5844,16.3125,54.0625,-12.25351,-2.6875,0.003011266
45012.5869,16.0625,53.8125,-12.24336,-2.5625,0.00299725
45012.5894,16.1875,53.25,-12.10299,-2.5,0.002991021
45012.5919,16.125,53.1875,-11.80004,-2.5625,0.003001922
45012.5944,16.0625,52.8125,-11.31882,-3.0,0.003006594
45012.5969,16.0,52.3125,-10.68324,-2.3125,0.00303774
45012.5994,15.8125,52.0625,-9.968087,-2.1875,0.003006594
45012.6019,15.875,51.5625,-9.286282,-1.875,0.002981677
45012.6044,15.9375,51.25,-8.750722,-2.25,0.002989464
45012.6069,15.8125,51.125,-8.425285,-2.5,0.003005037
45012.6094,15.9375,51.1875,-8.28863,-2.5,0.003031511
45012.6119,15.75,51.1875,-8.233417,-2.5625,0.00302061
45012.6144,16.0,51.125,-8.107655,-2.0625,0.002984792
45012.6169,15.6875,51.0625,-7.783836,-2.25,0.002994136
45012.6194,15.6875,50.75,-7.224847,-2.5625,0.003014381
45012.6219,15.9375,50.8125,-6.513697,-2.3125,0.003015938
45012.6244,15.9375,50.5,-5.82969,-2.375,0.002986349
45012.6269,15.6875,50.125,-5.378387,-2.3125,0.00299725
45012.6294,15.5,49.8125,-5.305957,-2.375,0.002995693
45012.6319,15.6875,49.6875,-5.636844,-2.5625,0.003017495
45012.6344,15.875,49.3125,-6.263267,-2.5625,0.003023724
45012.6369,15.9375,49.0,-6.990861,-2.4375,0.00298012
45012.6394,16.0625,48.625,-7.617774,-2.6875,0.002994136
45012.6419,15.875,48.3125,-8.010614,-2.75,0.00299725
45012.6444,15.8125,48.0625,-8.143324,-2.6875,0.003026839
45012.6469,15.875,48.0,-8.08538,-2.6875,0.00303774
45012.6494,15.875,47.8125,-7.950297,-2.3125,0.003009709
45012.6519,16.0625,47.4375,-7.833536,-2.5,0.003003479
45012.6544,15.9375,47.25,-7.770866,-2.4375,0.00302061
45012.6569,16.0625,47.0,-7.734618,-2.625,0.003017495
45012.6594,15.9375,46.875,-7.664166,-2.6875,0.002998808
45012.6619,15.875,46.625,-7.510189,-2.6875,0.003001922
45012.6644,15.9375,46.375,-7.266393,-2.4375,0.003029954
45012.6669,16.25,46.125,-6.973638,-2.4375,0.003031511
45012.6694,16.1875,45.8125,-6.697057,-2.4375,0.003029954
45012.6719,16.0625,45.875,-6.491895,-2.3125,0.002998808
45012.6744,16.0,45.625,-6.378733,-2.5625,0.003001922
45012.6769,16.0,45.375,-6.341424,-2.8125,0.003001922
45012.6794,16.1875,45.25,-6.346878,-2.625,0.003003479
45012.6819,16.125,44.875,-6.372656,-2.3125,0.002998808
45012.6844,16.0,44.8125,-6.424349,-2.4375,0.002984792
45012.6869,15.9375,44.6875,-6.531248,-2.3125,0.002998808
45012.6894,16.125,44.625,-6.722525,-2.5,0.003006594
45012.6919,16.25,44.375,-6.998079,-2.1875,0.003003479
45012.6944,16.0625,43.9375,-7.312498,-2.5625,0.003045527
45012.6969,16.0625,43.9375,-7.583794,-1.9375,0.003064214
45012.6994,15.9375,43.9375,-7.72516,-1.8125,0.0030611
45012.7019,15.9375,43.75,-7.684629,-1.8125,0.003084459
45012.7044,16.125,43.5625,-7.472384,-2.0625,0.003106261
45012.7069,16.125,43.3125,-7.161312,-1.75,0.003129621
45012.7094,16.0625,43.25,-6.859328,-2.0,0.003100032
45012.7119,15.875,43.0625,-6.666178,-2.1875,0.003115605
45012.7144,15.875,42.875,-6.636095,-1.9375,0.003146751
45012.7169,15.75,42.75,-6.762961,-1.6875,0.003114048
45012.7194,15.9375,42.625,-6.99238,-1.875,0.003050198
45012.7219,16.0,42.4375,-7.252558,-2.0625,0.003009709
45012.7244,16.0625,42.3125,-7.486276,-1.875,0.002998808
45012.7269,16.0625,42.125,-7.667857,-1.375,0.002998808
45012.7294,15.875,41.8125,-7.79871,-1.375,0.003001922
45012.7319,15.875,41.8125,-7.887184,-1.25,0.002998808
45012.7344,16.125,41.625,-7.927655,-1.5625,0.002989464
45012.7369,15.9375,41.5625,-7.893435,-1.625,0.002995693
45012.7394,15.875,41.4375,-7.749964,-1.3125,0.002977005
45012.7419,15.875,41.375,-7.481062,-1.25,0.002986349
45012.7444,15.75,41.25,-7.113064,-1.375,0.002998808
45012.7469,16.0,41.0,-6.720506,-1.5,0.00298012
45012.7494,16.125,40.75,-6.406609,-1.1875,0.00302061
45012.7519,16.125,40.75,-6.265404,-1.5625,0.003003479
45012.7544,15.8125,40.6875,-6.342631,-1.375,0.002966104
45012.7569,15.875,40.625,-6.614744,-1.1875,0.002966104
45012.7594,16.0625,40.4375,-6.996618,-1.5,0.002986349
45012.7619,16.1875,40.25,-7.374979,-1.9375,0.003019052
45012.7644,16.1875,40.0625,-7.651866,-1.6875,0.003011266
45012.7669,16.0,40.25,-7.778193,-1.9375,0.002970776
45012.7694,16.0,40.0,-7.763071,-1.875,0.002969219
45012.7719,16.0,39.9375,-7.65714,-1.875,0.002986349
45012.7744,16.0625,39.6875,-7.520939,-1.5,0.003015938
45012.7769,16.1875,39.75,-7.395535,-1.875,0.003001922
45012.7794,16.1875,39.4375,-7.289759,-1.5625,0.002930286
45012.7819,16.0625,39.375,-7.188048,-1.6875,0.002857093
45012.7844,15.875,39.4375,-7.071305,-1.9375,0.002874223
45012.7869,16.25,39.375,-6.936995,-1.9375,0.003029954
45012.7894,16.1875,39.1875,-6.806113,-2.25,0.00323396
45012.7919,16.0625,38.8125,-6.713423,-2.1875,0.003495586
45012.7944,16.0625,38.875,-6.687762,-2.0625,0.003637301
45012.7969,16.25,38.6875,-6.734411,-2.625,0.003531404
45012.7994,16.125,38.75,-6.830169,-2.5,0.003166996
45012.8019,16.375,38.6875,-6.933717,-2.1875,0.002833734
45012.8044,16.3125,38.4375,-7.004578,-2.0625,0.002785457
45012.8069,16.1875,38.3125,-7.018875,-1.875,0.002797916
45012.8094,16.0625,38.1875,-6.972038,-2.0,0.002852421
45012.8119,16.125,38.125,-6.867162,-2.0,0.002892911
45012.8144,16.125,38.0,-6.696132,-2.3125,0.00293963
45012.8169,16.125,37.9375,-6.426103,-2.3125,0.002998808
45012.8194,16.25,37.8125,-6.001289,-2.125,0.003008151
45012.8219,16.3125,37.6875,-5.361126,-2.0625,0.00299725
45012.8244,16.25,37.625,-4.466674,-1.875,0.002994136
45012.8269,16.0625,37.5,-3.321189,-2.0625,0.002991021
45012.8294,16.25,37.5,-1.973589,-1.8125,0.003025282
45012.8319,16.375,37.4375,-0.5026255,-1.4375,0.003025282
45012.8344,16.3125,37.3125,1.010312,-1.5,0.002998808
45012.8369,16.0,37.125,2.506271,-1.75,0.002995693
45012.8394,16.125,37.0,3.959697,-1.6875,0.003006594
45012.8419,16.125,36.9375,5.372004,-1.75,0.003015938
45012.8444,16.5625,36.8125,6.754899,-2.1875,0.003042412
45012.8469,16.3125,36.6875,8.116408,-2.1875,0.003045527
45012.8494,15.9375,36.3125,9.460628,-1.75,0.002998808
45012.8519,15.8125,36.5,10.80307,-1.8125,0.002986349
45012.8544,16.125,36.3125,12.19194,-2.3125,0.003009709
45012.8569,16.3125,36.4375,13.71981,-2.0,0.003039297
45012.8594,16.3125,36.25,15.5122,-2.0,0.003028396
45012.8619,16.0625,36.0625,17.69151,-1.9375,0.002983235
45012.8644,15.8125,35.9375,20.32842,-1.5625,0.002991021
45012.8669,15.8125,35.9375,23.40202,-2.0625,0.003012823
45012.8694,16.1875,35.9375,26.78893,-1.5625,0.003034625
45012.8719,16.125,35.875,30.28965,-1.9375,0.003039297
45012.8744,16.25,35.625,33.68378,-2.0,0.003000365
45012.8769,15.9375,35.5625,36.79147,-1.9375,0.003015938
45012.8794,16.0625,35.5625,39.5154,-1.8125,0.003036183
45012.8819,16.1875,35.375,41.84666,-1.5625,0.003042412
45012.8844,16.25,35.5,43.8338,-1.6875,0.003025282
45012.8869,16.3125,35.375,45.53269,-1.5625,0.003019052
45012.8894,16.1875,35.125,46.96397,-1.875,0.003025282
45012.8919,16.1875,35.1875,48.09802,-1.5625,0.003050198
45012.8944,16.25,34.9375,48.87441,-1.875,0.00303774
45012.8969,16.375,34.875,49.24464,-1.6875,0.003009709
45012.8994,16.5,34.875,49.21606,-2.0625,0.003025282
45012.9019,16.5625,34.6875,48.87386,-1.875,0.003040855
45012.9044,16.4375,34.6875,48.3701,-2.0625,0.00303774
45012.9069,16.3125,34.4375,47.88281,-2.3125,0.003009709
45012.9094,16.375,34.3125,47.56341,-2.25,0.003006594
45012.9119,16.625,34.5,47.49386,-2.125,0.003034625
45012.9144,16.375,34.375,47.6716,-2.0,0.003075115
45012.9169,16.0625,34.25,48.02602,-1.875,0.00305487
45012.9194,16.375,34.1875,48.4578,-2.3125,0.003012823
45012.9219,16.4375,33.8125,48.88292,-2.0625,0.003008151
45012.9244,16.375,34.0625,49.26358,-1.875,0.003048641
45012.9269,16.5625,34.3125,49.61549,-1.9375,0.003056428
45012.9294,16.6875,34.25,49.99133,-2.5625,0.003047084
45012.9319,16.0,33.5,50.45041,-2.125,0.003039297
45012.9344,16.1875,34.0625,51.0281,-2.125,0.00303774
45012.9369,16.25,33.8125,51.71792,-2.0625,0.003045527
45012.9394,15.8125,33.625,52.47203,-2.1875,0.003065771
45012.9419,15.8125,33.875,53.21801,-2.0,0.003045527
45012.9444,16.125,33.6875,53.88359,-2.1875,0.003045527
45012.9469,16.25,33.9375,54.41845,-2.1875,0.003043969
45012.9494,15.9375,33.5625,54.80435,-1.9375,0.0030611
45012.9519,15.875,33.625,55.05091,-1.6875,0.0030611
45012.9544,16.0625,33.5625,55.18065,-2.0,0.0030611
45012.9569,15.8125,33.3125,55.21187,-2.125,0.003079787
45012.9594,15.8125,33.5625,55.14843,-2.25,0.003059542
45012.9619,16.125,33.4375,54.98168,-2.0625,0.00307823
45012.9644,15.9375,33.0625,54.70329,-1.6875,0.003076673
45012.9669,15.8125,33.375,54.32059,-1.6875,0.003096917
45012.9694,15.875,33.375,53.8646,-2.0625,0.003101589
45012.9719,16.3125,33.375,53.38393,-2.125,0.003092246
45012.9744,16.4375,33.1875,52.92577,-1.6875,0.003124949
45012.9769,16.25,33.125,52.51357,-2.0625,0.003143636
45012.9794,15.875,33.3125,52.13427,-2.5,0.003146751
45012.9819,16.1875,33.25,51.74458,-2.1875,0.003173225
45012.9844,16.5,33.1875,51.29549,-1.8125,0.003181012
45012.9869,16.3125,32.875,50.76313,-1.375,0.003213715
45012.9894,16.25,33.125,50.16861,-1.6875,0.003223059
45012.9919,16.8125,33.1875,49.57356,-2.375,0.003213715
45012.9944,16.5625,32.875,49.05119,-1.9375,0.003240189
45012.9969,16.0625,33.0,48.64666,-2.0625,0.003294695
45012.9994,16.25,32.875,48.34998,-1.4375,0.003310268
45013.0019,16.75,33.0625,48.09911,-1.5,0.003265106
45013.0044,16.5,33.0,47.81577,-1.8125,0.003269778
45013.0069,16.3125,33.25,47.45608,-1.9375,0.003254205
45013.0094,16.75,33.4375,47.04716,-2.0625,0.003266663
45013.0119,16.5,33.75,46.68518,-2.0625,0.003232403
45013.0144,16.25,34.0,46.48951,-2.5,0.003174782
45013.0169,16.75,35.0,46.53365,-2.25,0.003151423
45013.0194,16.875,35.125,46.78904,-2.0,0.003137407
45013.0219,16.625,36.0625,47.11618,-1.75,0.00311872
45013.0244,16.25,36.3125,47.31432,-1.75,0.003110933
45013.0269,16.3125,36.9375,47.20829,-1.5,0.003059542
45013.0294,17.0625,37.625,46.72903,-2.125,0.003050198
45013.0319,17.0,38.0625,45.94218,-1.8125,0.003048641
45013.0344,16.1875,38.3125,45.00576,-1.75,0.003067329
45013.0369,16.125,38.75,44.07456,-2.1875,0.003050198
45013.0394,17.0625,39.25,43.201,-2.0,0.003008151
45013.0419,17.1875,39.8125,42.28661,-2.0,0.003023724
45013.0444,16.8125,40.0625,41.11436,-1.9375,0.003026839
45013.0469,16.625,40.3125,39.44887,-2.1875,0.003025282
45013.0494,17.0,40.875,37.15376,-2.125,0.002992578
45013.0519,17.0625,41.3125,34.263,-2.3125,0.002992578
45013.0544,16.9375,41.5,30.96621,-2.375,0.003023724
45013.0569,17.125,42.0625,27.51283,-2.375,0.003023724
45013.0594,17.375,42.5,24.08526,-2.0625,0.003011266
45013.0619,17.3125,42.875,20.7102,-1.8125,0.002995693
45013.0644,17.125,43.3125,17.25878,-1.9375,0.002998808
45013.0669,17.25,43.5,13.53871,-2.125,0.003026839
45013.0694,17.4375,44.125,9.432008,-2.0,0.003017495
45013.0719,17.5,43.75,5.00487,-2.5625,0.003014381
45013.0744,17.625,44.1875,0.5291229,-1.5625,0.002981677
45013.0769,17.6875,46.125,-3.600211,-1.875,0.002989464
45013.0794,17.625,46.1875,-7.013281,-1.8125,0.003034625
45013.0819,17.375,45.3125,-9.507445,-2.25,0.003019052
45013.0844,17.1875,47.625,-11.11523,-1.9375,0.003005037
45013.0869,17.4375,48.875,-12.06911,-2.1875,0.002975448
45013.0894,18.4375,49.75,-12.68544,-2.25,0.002973891
45013.0919,19.25,49.375,-13.22918,-2.5625,0.003014381
45013.0944,18.8125,45.0625,-13.82513,-2.4375,0.003014381
45013.0969,17.625,44.4375,-14.45149,-2.375,0.003005037
45013.0994,16.75,46.625,-15.00692,-2.375,0.002978563
45013.1019,16.625,48.25,-15.40403,-2.3125,0.002983235
45013.1044,18.0,49.6875,-15.63513,-1.9375,0.002998808
45013.1069,19.125,49.0625,-15.77741,-2.1875,0.003009709
45013.1094,19.0,47.875,-15.94342,-2.0625,0.003009709
45013.1119,18.0,47.75,-16.21339,-2.125,0.002995693
45013.1144,16.75,48.1875,-16.5932,-2.1875,0.003011266
45013.1169,16.3125,48.0,-17.02232,-2.0625,0.003001922
45013.1194,17.1875,48.25,-17.42469,-1.8125,0.002998808
45013.1219,18.125,48.5625,-17.76833,-1.75,0.002986349
45013.1244,17.8125,49.375,-18.09604,-2.0,0.002978563
45013.1269,17.4375,50.125,-18.50672,-1.9375,0.003015938
45013.1294,17.1875,50.5625,-19.09697,-2.0,0.003014381
45013.1319,17.6875,50.0625,-19.89571,-1.75,0.003001922
45013.1344,18.5625,49.1875,-20.82868,-1.8125,0.002984792
45013.1369,18.9375,48.0,-21.73202,-1.9375,0.002998808
45013.1394,18.0625,48.75,-22.40834,-1.9375,0.003023724
45013.1419,16.875,51.375,-22.69675,-1.8125,0.003003479
45013.1444,16.5,52.75,-22.52406,-1.9375,0.002986349
45013.1469,17.1875,51.5625,-21.91733,-1.5,0.002970776
45013.1494,18.125,50.9375,-20.97915,-1.9375,0.003009709
45013.1519,18.5625,49.5625,-19.84406,-2.0625,0.003026839
45013.1544,18.4375,49.3125,-18.63917,-1.8125,0.00299725
45013.1569,18.125,49.875,-17.46368,-1.625,0.002969219
45013.1594,18.0,49.75,-16.3873,-2.25,0.002983235
45013.1619,18.1875,48.6875,-15.45754,-1.9375,0.003019052
45013.1644,18.3125,47.75,-14.70533,-2.0625,0.003031511
45013.1669,18.125,47.6875,-14.14569,-1.8125,0.003009709
45013.1694,18.1875,48.0625,-13.77831,-1.25,0.002998808
45013.1719,18.0,47.375,-13.59499,-1.4375,0.002992578
45013.1744,18.0625,46.625,-13.59518,-1.875,0.003011266
45013.1769,18.0625,45.875,-13.80104,-2.0,0.003039297
45013.1794,18.0,45.1875,-14.25925,-1.75,0.003017495
45013.1819,17.6875,44.5,-15.0201,-1.75,0.003008151
45013.1844,17.5,45.0,-16.09835,-2.3125,0.003009709
45013.1869,18.0,45.9375,-17.43362,-2.375,0.003017495
45013.1894,18.1875,45.875,-18.87436,-1.9375,0.003025282
45013.1919,17.8125,46.0,-20.20132,-2.0625,0.003005037
45013.1944,17.6875,46.0,-21.18781,-2.1875,0.003019052
45013.1969,17.8125,45.875,-21.6742,-1.3125,0.003029954
45013.1994,17.6875,46.0,-21.62341,-1.1875,0.003019052
45013.2019,18.0625,45.5,-21.13119,-1.6875,0.00299725
45013.2044,18.0625,45.375,-20.38452,-1.5625,0.002995693
45013.2069,17.6875,45.125,-19.58644,-1.6875,0.003012823
45013.2094,17.5,44.625,-18.88069,-1.3125,0.003034625
45013.2119,17.8125,44.25,-18.30854,-1.5625,0.003011266
45013.2144,18.0625,44.125,-17.81367,-1.25,0.003006594
45013.2169,18.4375,43.75,-17.28692,-1.3125,0.002998808
45013.2194,18.1875,43.4375,-16.62581,-1.1875,0.003003479
45013.2219,17.875,43.25,-15.77926,-1.4375,0.003026839
45013.2244,17.625,43.0,-14.75974,-1.5,0.003001922
45013.2269,18.0,42.8125,-13.62404,-1.6875,0.002969219
45013.2294,18.3125,42.8125,-12.43943,-1.6875,0.003001922
45013.2319,17.8125,42.125,-11.25781,-1.625,0.003031511
45013.2344,17.5625,42.0625,-10.11209,-1.75,0.00302061
45013.2369,17.5625,42.3125,-9.034718,-1.625,0.003019052
45013.2394,17.875,41.9375,-8.083755,-1.5625,0.002989464
45013.2419,17.75,42.125,-7.356486,-1.75,0.002991021
45013.2444,17.6875,41.8125,-6.976566,-1.875,0.003014381
45013.2469,17.5625,41.4375,-7.053708,-2.125,0.003026839
45013.2494,17.75,41.625,-7.629924,-2.1875,0.003008151
45013.2519,17.625,41.6875,-8.635685,-1.6875,0.002966104
45013.2544,17.6875,41.3125,-9.878501,-1.625,0.002977005
45013.2569,17.375,40.6875,-11.07605,-1.375,0.003006594
45013.2594,17.125,40.8125,-11.92981,-1.3125,0.003008151
45013.2619,17.25,40.9375,-12.218,-1.1875,0.003056428
45013.2644,17.4375,40.375,-11.87559,-1.3125,0.003084459
45013.2669,17.375,40.375,-11.02945,-1.0,0.003090688
45013.2694,17.25,40.125,-9.968552,-1.25,0.003115605
45013.2719,17.25,39.5625,-9.051135,-1.5,0.003100032
45013.2744,17.375,39.5625,-8.576436,-2.0625,0.003115605
45013.2769,17.4375,39.375,-8.668101,-1.8125,0.003137407
45013.2794,17.1875,39.375,-9.216116,-1.8125,0.003131178
45013.2819,17.4375,39.625,-9.907982,-1.75,0.003126506
45013.2844,18.375,39.6875,-10.34563,-1.375,0.003073558
45013.2869,18.6875,39.5625,-10.20788,-1.6875,0.003042412
45013.2894,17.1875,38.875,-9.392841,-1.5625,0.003017495
45013.2919,15.875,38.4375,-8.077578,-1.6875,0.003017495
45013.2944,17.0,39.125,-6.661844,-1.9375,0.003001922
45013.2969,18.1875,39.125,-5.6127,-1.875,0.002986349
45013.2994,17.8125,38.75,-5.271923,-1.8125,0.002977005
45013.3019,17.0,38.625,-5.710124,-1.5625,0.002987906
45013.3044,17.125,38.3125,-6.693932,-1.625,0.003006594
45013.3069,17.4375,38.125,-7.784867,-1.75,0.002983235
45013.3094,17.3125,38.375,-8.528358,-1.375,0.002977005
45013.3119,17.625,38.25,-8.64949,-1.5625,0.002975448
45013.3144,17.5625,38.125,-8.167106,-1.4375,0.002992578
45013.3169,17.4375,38.0,-7.374545,-1.6875,0.003011266
45013.3194,16.875,37.75,-6.696411,-1.6875,0.002977005
45013.3219,16.6875,37.875,-6.488127,-1.5,0.002955203
45013.3244,16.8125,38.0625,-6.870983,-1.8125,0.002981677
45013.3269,17.125,38.125,-7.677701,-1.375,0.002995693
45013.3294,16.9375,37.9375,-8.531021,-1.6875,0.00299725
45013.3319,16.75,38.0,-9.015588,-1.8125,0.002995693
45013.3344,16.9375,38.3125,-8.86204,-1.625,0.002969219
45013.3369,17.125,38.125,-8.059283,-1.625,0.002948974
45013.3394,17.0625,38.0,-6.848213,-1.6875,0.002969219
45013.3419,16.5625,38.0,-5.606458,-1.8125,0.002966104
45013.3444,16.1875,38.0,-4.683217,-1.4375,0.002945859
45013.3469,15.75,38.0,-4.260982,-1.1875,0.002925614
45013.3494,16.375,37.875,-4.302899,-1.875,0.002844635
45013.3519,17.6875,38.8125,-4.600109,-2.0,0.002878895
45013.3544,17.6875,38.4375,-4.88678,-1.9375,0.003042412
45013.3569,15.9375,37.8125,-4.963498,-1.625,0.00327445
45013.3594,13.6875,37.1875,-4.772898,-1.625,0.003495586
45013.3619,13.8125,36.75,-4.400542,-1.3125,0.003570337
45013.3644,16.9375,37.75,-4.011666,-1.4375,0.003341414
45013.3669,19.1875,38.625,-3.762326,-1.8125,0.002897583
45013.3694,17.6875,37.875,-3.729445,-1.6875,0.00274341
45013.3719,14.3125,36.8125,-3.88812,-1.875,0.002772999
45013.3744,13.4375,36.3125,-4.137915,-1.875,0.002790129
45013.3769,15.8125,37.375,-4.356329,-1.875,0.002832176
45013.3794,17.6875,37.75,-4.449148,-1.1875,0.002872666
45013.3819,17.1875,37.5,-4.374308,-1.5,0.002936516
45013.3844,16.1875,37.1875,-4.133605,-1.5625,0.002994136
45013.3869,15.6875,37.375,-3.74369,-1.625,0.003003479
45013.3894,15.75,36.9375,-3.206487,-1.5,0.003005037
45013.3919,16.0,37.125,-2.496056,-1.75,0.002959875
45013.3944,16.625,37.25,-1.567908,-1.5,0.002945859
45013.3969,16.9375,37.25,-0.3845909,-1.4375,0.002981677
45013.3994,16.3125,37.25,1.056198,-1.8125,0.003003479
45013.4019,16.0625,37.25,2.70464,-1.25,0.003008151
45013.4044,17.5,37.75,4.461027,-1.6875,0.002992578
45013.4069,19.0,38.125,6.19713,-1.5625,0.002975448
45013.4094,17.1875,37.125,7.78942,-2.0,0.002986349
45013.4119,11.5625,35.875,9.153757,-1.3125,0.002994136
45013.4144,8.5,34.6875,10.272,-1.25,0.003006594
45013.4169,12.4375,35.9375,11.2031,-1.625,0.002995693
45013.4194,17.875,37.625,12.07558,-1.5625,0.002987906
45013.4219,19.375,37.625,13.06188,-2.0,0.003000365
45013.4244,20.5625,37.75,14.34016,-2.375,0.003026839
45013.4269,20.875,38.25,16.0527,-1.9375,0.003014381
45013.4294,16.5,37.0625,18.27228,-1.9375,0.002989464
45013.4319,11.6875,35.875,20.98635,-2.3125,0.003015938
45013.4344,10.625,34.375,24.1032,-1.625,0.003015938
45013.4369,12.5625,34.3125,27.47684,-1.4375,0.003006594
45013.4394,15.8125,36.25,30.94064,-1.75,0.002977005
45013.4419,17.8125,37.125,34.33715,-1.4375,0.002987906
45013.4444,17.1875,36.5,37.53477,-1.5625,0.003031511
45013.4469,15.1875,35.4375,40.42898,-1.9375,0.003031511
45013.4494,14.8125,35.125,42.9341,-1.875,0.003014381
45013.4519,17.625,36.125,44.97625,-2.1875,0.003009709
45013.4544,20.0,36.4375,46.49651,-2.125,0.003006594
45013.4569,17.875,36.125,47.46587,-2.1875,0.003034625
45013.4594,14.75,35.4375,47.90595,-2.0625,0.003042412
45013.4619,14.75,34.75,47.90251,-2.25,0.003022167
45013.4644,16.8125,35.25,47.60006,-1.75,0.002998808
45013.4669,16.75,36.125,47.1746,-2.0,0.003017495
45013.4694,15.625,35.0625,46.7912,-2.3125,0.003051756
45013.4719,16.5,36.1875,46.56301,-2.1875,0.003025282
45013.4744,16.5625,36.25,46.52903,-2.5,0.003008151
45013.4769,14.0,34.1875,46.65903,-2.3125,0.003009709
45013.4794,13.5625,35.25,46.88324,-2.25,0.003040855
45013.4819,16.125,35.6875,47.13339,-1.9375,0.003070443
45013.4844,17.8125,35.875,47.37671,-1.6875,0.003068886
45013.4869,16.3125,36.0625,47.62971,-1.6875,0.003043969
45013.4894,14.4375,34.5625,47.94833,-1.0625,0.003031511
45013.4919,14.9375,34.375,48.40174,-1.625,0.003043969
45013.4944,16.5,35.0,49.04401,-1.375,0.003045527
45013.4969,17.375,35.125,49.89591,-0.875,0.003062657
45013.4994,17.0,35.125,50.94198,-1.5625,0.003048641
45013.5019,15.9375,34.625,52.13878,-1.75,0.003025282
45013.5044,15.875,34.25,53.42589,-1.625,0.003047084
45013.5069,16.75,34.5,54.73297,-1.4375,0.003065771
45013.5094,17.8125,34.5625,55.98154,-1.6875,0.003043969
45013.5119,17.0625,34.375,57.08679,-1.9375,0.003051756
45013.5144,15.9375,33.9375,57.96539,-2.0625,0.003070443
45013.5169,15.9375,34.0,58.55149,-1.75,0.003068886
45013.5194,16.625,34.3125,58.81618,-1.9375,0.003051756
45013.5219,16.6875,34.125,58.78039,-2.125,0.00305487
45013.5244,16.125,34.125,58.5114,-2.0625,0.003067329
45013.5269,16.1875,34.1875,58.10101,-2.0625,0.003070443
45013.5294,16.625,33.9375,57.6337,-2.3125,0.003093803
45013.5319,16.6875,33.8125,57.15963,-2.5,0.00307823
45013.5344,16.3125,33.625,56.68631,-2.1875,0.003056428
45013.5369,16.1875,33.8125,56.19315,-2.0625,0.003073558
45013.5394,16.5,33.875,55.66003,-2.25,0.003110933
45013.5419,16.9375,34.0,55.0931,-2.1875,0.003129621
45013.5444,16.75,34.0,54.53148,-2.1875,0.003121834
45013.5469,15.6875,33.4375,54.02969,-2.3125,0.003128063
45013.5494,15.3125,33.375,53.6252,-2.375,0.003131178
45013.5519,18.1875,34.625,53.31121,-2.0,0.003166996
45013.5544,18.875,33.9375,53.03313,-2.0625,0.003195027
45013.5569,16.125,33.4375,52.71532,-2.25,0.003191913
45013.5594,15.25,33.625,52.30609,-2.3125,0.003199699
45013.5619,16.6875,33.6875,51.81684,-2.625,0.003226173
45013.5644,17.4375,34.1875,51.3315,-2.3125,0.003282236
45013.5669,16.6875,34.1875,50.97699,-2.625,0.003276007
45013.5694,16.25,34.375,50.86601,-2.625,0.003241746
45013.5719,16.75,34.9375,51.03968,-2.1875,0.003241746
45013.5744,17.0625,35.5625,51.43879,-2.25,0.00325109
45013.5769,16.75,35.875,51.91892,-2.0,0.003240189
45013.5794,16.6875,36.4375,52.30218,-2.5625,0.003196585
45013.5819,16.625,37.0625,52.43994,-2.3125,0.003146751
45013.5844,17.0,38.125,52.25695,-2.5625,0.003137407
45013.5869,17.125,38.625,51.75904,-2.4375,0.003109376
45013.5894,16.8125,38.9375,51.00786,-2.375,0.003096917
45013.5919,16.5625,39.25,50.08258,-2.125,0.00305487
45013.5944,16.625,39.8125,49.0533,-1.875,0.003031511
45013.5969,17.0,40.4375,47.97788,-2.4375,0.003053313
45013.5994,17.1875,41.0625,46.91573,-2.5,0.003047084
45013.6019,16.9375,41.3125,45.9375,-2.375,0.00302061
45013.6044,16.5,41.5,45.11103,-2.5625,0.003006594
45013.6069,16.5,42.125,44.46116,-2.8125,0.003029954
45013.6094,16.875,42.75,43.9225,-2.5625,0.003015938
45013.6119,17.1875,43.375,43.31795,-2.1875,0.003009709
45013.6144,17.1875,43.875,42.38882,-2.6875,0.003011266
45013.6169,16.8125,44.0,40.87706,-2.375,0.002994136
45013.6194,16.5,44.5,38.6289,-2.4375,0.003003479
45013.6219,16.4375,45.0,35.67032,-2.875,0.003036183
45013.6244,16.75,45.5,32.21179,-2.6875,0.003028396
45013.6269,16.625,45.8125,28.5708,-2.75,0.003017495
45013.6294,17.0625,46.0,25.04267,-2.125,0.002998808
45013.6319,18.1875,47.0625,21.78009,-1.8125,0.002987906
45013.6344,17.375,47.6875,18.74113,-1.6875,0.003022167
45013.6369,16.5625,47.75,15.7348,-1.75,0.003031511
45013.6394,16.75,48.0,12.5443,-2.25,0.003031511
45013.6419,17.4375,48.0625,9.067708,-2.3125,0.003019052
45013.6444,17.6875,48.75,5.405076,-2.25,0.003039297
45013.6469,17.1875,49.1875,1.846061,-2.1875,0.003039297
45013.6494,16.875,49.4375,-1.238267,-2.1875,0.003028396
45013.6519,16.75,50.0625,-3.547698,-1.9375,0.003023724
45013.6544,16.6875,50.25,-4.975594,-1.9375,0.003003479
45013.6569,16.9375,50.4375,-5.643811,-1.9375,0.003029954
45013.6594,17.25,50.9375,-5.836127,-1.9375,0.003042412
45013.6619,17.1875,51.1875,-5.866488,-1.8125,0.003034625
45013.6644,16.75,51.25,-5.948713,-1.9375,0.00303774
45013.6669,16.5625,51.625,-6.129483,-2.0,0.003012823
45013.6694,16.9375,52.125,-6.311249,-2.0625,0.003022167
45013.6719,17.25,52.25,-6.344856,-2.4375,0.003025282
45013.6744,17.0625,52.5625,-6.138445,-2.0,0.003014381
45013.6769,16.1875,52.375,-5.725213,-2.0625,0.003029954
45013.6794,16.1875,52.625,-5.258554,-1.8125,0.003033068
45013.6819,16.9375,53.0,-4.943167,-1.6875,0.003050198
45013.6844,17.1875,52.8125,-4.94261,-1.5,0.003040855
45013.6869,16.6875,52.75,-5.312944,-0.9375,0.003008151
45013.6894,16.375,52.875,-5.993812,-1.1875,0.002991021
45013.6919,16.5,52.6875,-6.855503,-1.5625,0.003005037
45013.6944,16.8125,53.0,-7.771648,-1.5,0.003048641
45013.6969,16.75,52.9375,-8.676661,-1.375,0.003033068
45013.6994,16.5,52.6875,-9.579385,-1.25,0.002991021
45013.7019,16.5,52.6875,-10.53074,-1.625,0.003017495
45013.7044,16.5,52.625,-11.5677,-2.1875,0.00303774
45013.7069,16.375,52.375,-12.66693,-2.3125,0.003053313
45013.7094,16.0625,52.3125,-13.73335,-1.9375,0.003017495
45013.7119,16.8125,51.625,-14.62814,-1.9375,0.003006594
45013.7144,17.9375,51.75,-15.22036,-1.875,0.003009709
45013.7169,16.75,51.375,-15.43519,-2.0,0.003029954
45013.7194,14.875,51.125,-15.27662,-2.0625,0.003039297
45013.7219,15.375,51.0,-14.81692,-1.9375,0.003028396
45013.7244,17.375,50.375,-14.16208,-2.125,0.003028396
45013.7269,18.0625,49.875,-13.41208,-2.0625,0.003006594
45013.7294,17.0625,49.75,-12.63366,-2.125,0.00302061
45013.7319,15.625,49.5,-11.85397,-2.0625,0.003019052
45013.7344,15.1875,49.0,-11.07232,-2.3125,0.003008151
45013.7369,16.1875,48.375,-10.27979,-2.25,0.003019052
45013.7394,17.4375,48.25,-9.475951,-2.3125,0.003009709
45013.7419,17.5625,48.1875,-8.676606,-2.3125,0.003012823
45013.7444,17.125,48.25,-7.912785,-2.375,0.003023724
45013.7469,16.3125,47.9375,-7.224224,-1.875,0.003006594
45013.7494,15.75,47.875,-6.651783,-1.8125,0.003009709
45013.7519,16.125,47.875,-6.230509,-1.875,0.003014381
45013.7544,17.0,47.75,-5.983742,-2.125,0.003026839
45013.7569,17.1875,47.75,-5.918301,-2.1875,0.002998808
45013.7594,16.6875,47.375,-6.021422,-2.0625,0.002981677
45013.7619,16.1875,47.1875,-6.261129,-2.3125,0.003009709
45013.7644,16.1875,46.8125,-6.591173,-1.875,0.003014381
45013.7669,16.625,46.375,-6.959471,-1.8125,0.003023724
45013.7694,16.5625,46.1875,-7.317204,-2.0625,0.003011266
45013.7719,16.5625,45.875,-7.625329,-2.125,0.002998808
45013.7744,16.8125,45.875,-7.857008,-2.125,0.003015938
45013.7769,16.9375,45.4375,-7.99653,-1.75,0.003042412
45013.7794,16.5625,44.9375,-8.037832,-1.75,0.003034625
45013.7819,16.3125,44.125,-7.984896,-2.3125,0.002991021
45013.7844,18.5625,43.375,-7.853618,-1.9375,0.002981677
45013.7869,17.9375,45.1875,-7.672468,-2.0625,0.00299725
45013.7894,14.6875,45.6875,-7.478298,-2.1875,0.003011266
45013.7919,14.8125,45.0,-7.306538,-2.4375,0.003026839
45013.7944,17.4375,43.125,-7.179296,-1.6875,0.002986349
45013.7969,17.875,42.9375,-7.098026,-1.6875,0.003000365
45013.7994,17.125,43.9375,-7.046323,-1.6875,0.003036183
45013.8019,17.0625,44.25,-7.003883,-1.375,0.003031511
45013.8044,16.125,43.8125,-6.964793,-1.6875,0.003019052
45013.8069,15.5625,42.75,-6.949126,-2.25,0.002991021
45013.8094,16.5625,42.125,-6.998423,-2.0,0.002983235
45013.8119,17.875,42.375,-7.154031,-1.9375,0.002998808
45013.8144,17.6875,42.6875,-7.427552,-1.8125,0.003015938
45013.8169,16.375,42.6875,-7.779773,-1.4375,0.003000365
45013.8194,15.9375,42.5,-8.122923,-2.0625,0.002978563
45013.8219,16.6875,42.1875,-8.350025,-1.875,0.002984792
45013.8244,17.4375,41.875,-8.380891,-1.625,0.002989464
45013.8269,17.5625,41.9375,-8.203111,-1.8125,0.003001922
45013.8294,17.0625,41.625,-7.886128,-1.875,0.003065771
45013.8319,16.1875,41.5625,-7.558075,-1.3125,0.003092246
45013.8344,16.625,41.375,-7.353409,-1.5,0.003106261
45013.8369,17.5625,41.3125,-7.355158,-1.75,0.003101589
45013.8394,17.5625,41.125,-7.559683,-1.5,0.003103147
45013.8419,17.0625,41.0625,-7.881444,-1.8125,0.003089131
45013.8444,16.6875,40.75,-8.19566,-1.75,0.00311249
45013.8469,16.5,40.5,-8.397843,-1.6875,0.003149866
45013.8494,16.625,40.375,-8.449609,-1.5,0.003101589
45013.8519,17.0,40.625,-8.387586,-1.6875,0.003026839
45013.8544,17.3125,40.5,-8.29248,-1.625,0.003011266
45013.8569,17.0625,40.25,-8.235753,-1.375,0.003005037
45013.8594,16.8125,40.0625,-8.234568,-1.5625,0.003028396
45013.8619,16.75,39.9375,-8.240355,-1.5,0.003009709
45013.8644,16.875,39.8125,-8.167634,-1.75,0.003003479
45013.8669,16.9375,39.8125,-7.947775,-1.8125,0.003001922
45013.8694,16.8125,39.4375,-7.578059,-1.75,0.002998808
45013.8719,16.75,39.375,-7.138215,-1.875,0.003014381
45013.8744,16.9375,39.25,-6.763739,-2.25,0.002995693
45013.8769,17.0,39.3125,-6.587836,-2.375,0.002986349
45013.8794,16.625,39.0,-6.680851,-2.0625,0.002961432
45013.8819,16.8125,38.8125,-7.017788,-2.25,0.00298012
45013.8844,16.8125,38.875,-7.489872,-2.125,0.002998808
45013.8869,16.75,38.6875,-7.953779,-2.375,0.002991021
45013.8894,16.875,38.6875,-8.293208,-2.3125,0.002984792
45013.8919,16.9375,38.625,-8.461921,-2.4375,0.002981677
45013.8944,16.8125,38.625,-8.488854,-2.5625,0.003014381
45013.8969,16.75,38.375,-8.446015,-2.4375,0.003005037
45013.8994,17.0,38.375,-8.399693,-2.5,0.002983235
45013.9019,17.375,38.25,-8.372556,-2.875,0.002998808
45013.9044,17.3125,38.25,-8.336599,-2.375,0.002977005
45013.9069,16.875,37.875,-8.238593,-2.25,0.002983235
45013.9094,16.8125,37.75,-8.041394,-1.875,0.00298012
45013.9119,16.9375,37.6875,-7.756338,-2.0,0.002947417
45013.9144,17.25,37.75,-7.447464,-2.3125,0.002897583
45013.9169,17.5,37.6875,-7.205115,-2.25,0.002866437
45013.9194,17.3125,37.6875,-7.102999,-2.1875,0.002973891
45013.9219,17.0,37.375,-7.162324,-1.875,0.003171668
45013.9244,17.0625,37.3125,-7.341886,-1.875,0.003416164
45013.9269,17.125,37.0,-7.559067,-1.875,0.003607712
45013.9294,17.5,37.1875,-7.729618,-1.6875,0.00354542
45013.9319,17.4375,37.125,-7.80526,-1.875,0.003221501
45013.9344,17.1875,36.875,-7.789701,-1.9375,0.002850864
45013.9369,17.125,36.875,-7.726497,-1.875,0.002754311
45013.9394,17.0625,36.625,-7.666902,-1.6875,0.002760541
45013.9419,17.25,36.6875,-7.635762,-1.6875,0.002818161
45013.9444,17.125,36.625,-7.612948,-1.5,0.002896026
45013.9469,17.0,36.6875,-7.538489,-1.75,0.002910041
45013.9494,17.125,36.5,-7.336349,-1.25,0.002973891
45013.9519,17.0,36.375,-6.943009,-1.1875,0.002991021
45013.9544,16.9375,36.125,-6.326339,-1.5,0.003003479
45013.9569,17.0,36.3125,-5.487583,-1.4375,0.003011266
45013.9594,16.875,36.125,-4.44965,-1.8125,0.002972333
45013.9619,16.875,36.1875,-3.241803,-1.625,0.002984792
45013.9644,16.75,35.875,-1.891461,-1.25,0.003028396
45013.9669,16.6875,35.6875,-0.4269539,-1.6875,0.003029954
45013.9694,16.6875,35.6875,1.113043,-1.4375,0.00302061
45013.9719,16.875,35.6875,2.673298,-1.1875,0.003001922
45013.9744,16.8125,35.625,4.187302,-1.375,0.002998808
45013.9769,16.9375,35.5,5.595762,-1.0,0.003006594
45013.9794,16.6875,35.3125,6.87136,-1.125,0.003009709
45013.9819,16.75,35.4375,8.037767,-1.0,0.002991021
45013.9844,17.0,35.25,9.172523,-1.125,0.002987906
45013.9869,17.0625,35.25,10.3903,-1.5625,0.003019052
45013.9894,16.9375,35.125,11.81237,-1.75,0.003015938
45013.9919,16.5625,34.875,13.53434,-1.8125,0.003026839
45013.9944,16.625,34.875,15.60405,-1.4375,0.002994136
45013.9969,16.75,35.0,18.01603,-1.4375,0.003000365
45013.9994,17.0625,35.125,20.72068,-1.1875,0.003029954
45014.0019,17.0625,34.5,23.64056,-1.4375,0.003003479
45014.0044,16.625,34.5,26.68483,-1.5625,0.003014381
45014.0069,16.5,34.5,29.75715,-1.4375,0.003003479
45014.0094,16.75,34.625,32.75794,-1.375,0.003000365
45014.0119,17.125,34.5625,35.58608,-1.4375,0.003045527
45014.0144,17.0625,34.25,38.14535,-1.5,0.003023724
45014.0169,17.0625,34.25,40.35713,-2.0625,0.002994136
45014.0194,16.9375,34.125,42.17477,-2.4375,0.002984792
45014.0219,16.8125,33.875,43.5929,-2.125,0.003012823
45014.0244,16.75,34.125,44.64578,-1.8125,0.003048641
45014.0269,17.125,34.0,45.39518,-1.4375,0.003023724
45014.0294,17.0,33.9375,45.91189,-1.25,0.003023724
45014.0319,16.875,33.6875,46.25927,-1.5,0.003009709
45014.0344,16.75,33.625,46.48542,-1.75,0.003031511
45014.0369,16.9375,33.5625,46.62583,-1.75,0.003031511
45014.0394,17.125,33.5625,46.71269,-1.8125,0.003025282
45014.0419,17.125,33.4375,46.78409,-1.5625,0.003029954
45014.0444,17.25,33.4375,46.88555,-1.4375,0.00303774
45014.0469,17.1875,33.4375,47.06247,-2.0,0.003045527
45014.0494,17.375,33.5,47.34673,-1.625,0.003026839
45014.0519,17.125,33.3125,47.74528,-1.9375,0.003036183
45014.0544,17.0625,33.3125,48.23775,-2.0,0.003014381
45014.0569,17.125,33.3125,48.78585,-2.4375,0.003009709
45014.0594,17.25,33.0,49.35059,-2.5,0.003036183
45014.0619,17.25,33.0,49.90934,-1.9375,0.00303774
45014.0644,17.375,32.6875,50.46392,-1.8125,0.003031511
45014.0669,17.375,32.625,51.03574,-1.8125,0.003028396
45014.0694,17.125,33.0,51.65039,-2.0,0.003025282
45014.0719,16.8125,32.75,52.31983,-1.9375,0.003057985
45014.0744,16.75,32.4375,53.03134,-1.75,0.003026839
45014.0769,17.1875,32.375,53.74887,-1.9375,0.00302061
45014.0794,17.0,32.125,54.42612,-2.0625,0.003025282
45014.0819,16.5625,31.6875,55.02368,-2.1875,0.003036183
45014.0844,17.0625,32.125,55.52098,-1.3125,0.003067329
45014.0869,17.3125,32.875,55.91694,-1.125,0.003036183
45014.0894,17.0625,32.5625,56.21924,-1.25,0.003000365
45014.0919,16.375,31.9375,56.42935,-1.4375,0.003029954
45014.0944,16.5,31.75,56.53289,-2.0625,0.0030611
45014.0969,16.8125,31.875,56.50246,-2.0625,0.003068886
45014.0994,16.8125,32.0,56.3125,-2.25,0.003039297
45014.1019,16.8125,32.0,55.95834,-2.125,0.003031511
45014.1044,16.625,32.0,55.46759,-1.9375,0.003048641
45014.1069,16.5,31.875,54.8952,-1.9375,0.003081344
45014.1094,16.5625,31.875,54.30238,-2.0625,0.003114048
45014.1119,16.9375,31.9375,53.72972,-2.25,0.003103147
45014.1144,17.0625,31.9375,53.18009,-2.375,0.003129621
45014.1169,17.1875,32.0,52.62396,-2.25,0.003132735
45014.1194,17.0,32.0625,52.02813,-2.375,0.003165439
45014.1219,16.8125,31.8125,51.39494,-2.375,0.003190355
45014.1244,16.75,31.625,50.78974,-2.9375,0.003202814
45014.1269,17.0,31.75,50.33672,-2.3125,0.003212158
45014.1294,16.875,31.875,50.17704,-2.125,0.003218387
45014.1319,16.5,31.875,50.40313,-1.9375,0.003230845
45014.1344,16.3125,31.875,50.99868,-1.75,0.003229288
45014.1369,16.0625,31.9375,51.81661,-1.875,0.003202814
45014.1394,16.0625,31.875,52.61237,-1.125,0.003221501
45014.1419,16.3125,32.3125,53.12442,-1.5,0.00321683
45014.1444,17.25,33.0625,53.16989,-1.125,0.003188798
45014.1469,17.8125,33.6875,52.71256,-1.625,0.003142079
45014.1494,16.8125,34.0,51.87009,-1.6875,0.003117162
45014.1519,15.8125,34.4375,50.85523,-1.5625,0.003114048
45014.1544,15.9375,35.25,49.87748,-1.4375,0.00307823
45014.1569,16.5,36.25,49.05189,-1.6875,0.003064214
45014.1594,17.125,37.0625,48.35926,-1.6875,0.00302061
45014.1619,17.0625,37.6875,47.67645,-1.875,0.003006594
45014.1644,16.75,38.125,46.85936,-2.0,0.003033068
45014.1669,16.5625,38.625,45.83346,-1.875,0.003026839
45014.1694,16.3125,38.9375,44.64203,-1.9375,0.003006594
45014.1719,16.3125,39.3125,43.42395,-1.625,0.002955203
45014.1744,16.875,39.875,42.33092,-1.875,0.002948974
45014.1769,16.8125,40.25,41.42784,-1.6875,0.002977005
45014.1794,16.75,40.8125,40.63115,-1.75,0.002973891
45014.1819,16.5625,41.1875,39.72247,-1.125,0.002987906
45014.1844,16.625,41.625,38.43533,-1.4375,0.002969219
45014.1869,16.9375,42.125,36.5735,-1.625,0.002942745
45014.1894,16.9375,42.5,34.10088,-1.9375,0.002970776
45014.1919,17.0,43.0,31.15535,-2.3125,0.002991021
45014.1944,16.75,43.625,27.97806,-2.25,0.002977005
45014.1969,16.9375,43.75,24.79397,-2.5625,0.002948974
45014.1994,16.9375,44.3125,21.7063,-2.3125,0.002964547
45014.2019,16.75,44.75,18.66099,-2.3125,0.002983235
45014.2044,16.625,45.1875,15.50128,-2.4375,0.002995693
45014.2069,16.8125,45.5625,12.08443,-2.4375,0.002972333
45014.2094,16.8125,46.0625,8.398711,-2.125,0.002966104
45014.2119,16.8125,46.3125,4.617494,-2.1875,0.002983235
45014.2144,16.875,46.75,1.058564,-2.1875,0.002986349
45014.2169,17.125,47.125,-1.934165,-1.6875,0.002984792
45014.2194,17.125,47.625,-4.129223,-1.6875,0.002972333
45014.2219,16.8125,47.875,-5.498558,-1.8125,0.002967662
45014.2244,16.625,48.0625,-6.217189,-1.9375,0.003019052
45014.2269,16.625,47.8125,-6.574208,-2.1875,0.002998808
45014.2294,16.75,48.375,-6.841615,-2.0625,0.002966104
45014.2319,16.8125,48.5625,-7.166277,-2.0625,0.002970776
45014.2344,16.5625,48.6875,-7.535204,-2.0625,0.002972333
45014.2369,16.375,49.125,-7.824378,-2.1875,0.002995693
45014.2394,16.5,49.125,-7.898772,-1.9375,0.003000365
45014.2419,16.5,49.4375,-7.707434,-2.1875,0.00298012
45014.2444,16.5625,49.5625,-7.325197,-2.0625,0.002967662
45014.2469,16.6875,49.75,-6.923676,-2.0625,0.003003479
45014.2494,16.6875,50.125,-6.693084,-2.1875,0.00302061
45014.2519,16.875,50.3125,-6.75974,-2.4375,0.002986349
45014.2544,16.875,50.0,-7.142106,-2.4375,0.002952089
45014.2569,16.75,50.25,-7.763716,-2.3125,0.002961432
45014.2594,16.9375,50.5,-8.508699,-2.3125,0.003000365
45014.2619,17.25,50.625,-9.284592,-2.4375,0.003023724
45014.2644,17.4375,50.5,-10.05756,-2.0625,0.002989464
45014.2669,17.3125,50.375,-10.84449,-2.0625,0.00298012
45014.2694,17.25,50.3125,-11.67325,-2.5625,0.002991021
45014.2719,17.25,50.3125,-12.5396,-2.0625,0.003000365
45014.2744,17.3125,50.0625,-13.38829,-2.3125,0.003000365
45014.2769,17.25,50.125,-14.12825,-2.1875,0.002983235
45014.2794,17.5,49.875,-14.67041,-2.0625,0.002992578
45014.2819,17.75,49.6875,-14.96302,-2.3125,0.002994136
45014.2844,17.75,49.4375,-15.00318,-2.125,0.003023724
45014.2869,17.8125,48.875,-14.81989,-1.9375,0.003003479
45014.2894,17.75,48.75,-14.44313,-1.625,0.002977005
45014.2919,17.625,48.375,-13.88251,-1.875,0.002994136
45014.2944,17.4375,48.125,-13.13211,-1.8125,0.003001922
45014.2969,17.8125,47.9375,-12.19985,-1.8125,0.003011266
45014.2994,18.1875,47.4375,-11.14104,-2.4375,0.00299725
45014.3019,18.875,47.5625,-10.07004,-2.0,0.002998808
45014.3044,18.1875,47.1875,-9.134251,-1.8125,0.003009709
45014.3069,16.3125,46.125,-8.457364,-1.8125,0.003022167
45014.3094,15.8125,46.25,-8.079489,-1.625,0.003011266
45014.3119,17.1875,46.1875,-7.928459,-1.6875,0.002981677
45014.3144,18.1875,46.5625,-7.843304,-1.1875,0.002975448
45014.3169,18.25,46.875,-7.645096,-1.375,0.00299725
45014.3194,17.125,46.8125,-7.223341,-1.5625,0.003014381
45014.3219,16.4375,46.5625,-6.596171,-1.5,0.00302061
45014.3244,16.75,46.5,-5.912634,-1.75,0.002989464
45014.3269,17.5625,46.6875,-5.393358,-1.5625,0.002983235
45014.3294,18.0625,46.625,-5.235898,-1.4375,0.003012823
45014.3319,17.6875,46.25,-5.528899,-1.625,0.00303774
45014.3344,16.9375,45.875,-6.214246,-1.6875,0.00302061
45014.3369,16.625,45.5625,-7.112923,-1.4375,0.00298012
45014.3394,16.875,45.3125,-7.999609,-1.5625,0.002970776
45014.3419,17.3125,45.125,-8.689178,-1.375,0.002995693
45014.3444,17.5,45.0625,-9.09564,-1.5625,0.003011266
45014.3469,17.1875,44.5625,-9.240657,-2.1875,0.003011266
45014.3494,16.8125,44.25,-9.215125,-1.9375,0.003015938
45014.3519,16.9375,44.3125,-9.119028,-1.9375,0.003017495
45014.3544,17.25,44.25,-9.012103,-2.375,0.003001922
45014.3569,17.4375,44.125,-8.897453,-2.3125,0.003008151
45014.3594,17.5625,43.875,-8.740418,-2.125,0.003008151
45014.3619,17.625,43.75,-8.506234,-2.1875,0.003014381
45014.3644,17.625,43.5625,-8.192606,-2.25,0.003031511
45014.3669,17.5625,43.375,-7.839253,-2.0625,0.003034625
45014.3694,17.375,43.25,-7.511793,-1.5625,0.003023724
45014.3719,17.25,43.0625,-7.27202,-1.8125,0.003015938
45014.3744,17.1875,42.8125,-7.152218,-2.0625,0.003014381
45014.3769,17.3125,42.75,-7.146889,-2.0,0.003003479
45014.3794,17.5,42.5625,-7.223799,-1.5625,0.003028396
45014.3819,17.6875,42.375,-7.345033,-2.0,0.003009709
45014.3844,17.5625,42.125,-7.484465,-2.0625,0.002983235
45014.3869,17.5625,42.0625,-7.632453,-1.9375,0.00299725
45014.3894,17.25,41.875,-7.787755,-1.875,0.003022167
45014.3919,17.125,41.75,-7.945073,-1.5625,0.003011266
45014.3944,17.3125,41.5,-8.088706,-1.5,0.003043969
45014.3969,17.4375,41.375,-8.197898,-1.75,0.003073558
45014.3994,17.3125,41.375,-8.261083,-1.9375,0.003109376
45014.4019,17.125,41.125,-8.289557,-1.75,0.003121834
45014.4044,16.9375,40.9375,-8.320731,-1.375,0.003110933
45014.4069,17.0,40.9375,-8.406324,-1.375,0.00309536
45014.4094,17.4375,40.9375,-8.590128,-1.5,0.003101589
45014.4119,17.3125,40.75,-8.886344,-1.25,0.003123392
45014.4144,17.3125,40.5,-9.270814,-1.1875,0.003134293
45014.4169,17.1875,40.4375,-9.689451,-1.0625,0.003068886
45014.4194,17.1875,40.375,-10.08006,-1.25,0.003042412
45014.4219,17.25,40.5,-10.3972,-1.1875,0.003028396
45014.4244,17.125,40.25,-10.62759,-1.5,0.002986349
45014.4269,17.0,40.25,-10.79027,-1.25,0.003001922
45014.4294,16.875,40.0625,-10.92268,-1.5625,0.003028396
45014.4319,16.625,39.9375,-11.0603,-1.4375,0.002986349
45014.4344,16.75,39.8125,-11.22049,-1.5625,0.002973891
45014.4369,16.875,39.875,-11.39766,-1.4375,0.003019052
45014.4394,16.875,39.875,-11.57063,-1.8125,0.002995693
45014.4419,16.8125,39.6875,-11.71692,-1.625,0.002972333
45014.4444,16.8125,39.4375,-11.82574,-1.3125,0.00298012
45014.4469,16.6875,39.5,-11.90312,-1.5,0.002981677
45014.4494,16.4375,39.3125,-11.96778,-1.375,0.003000365
45014.4519,16.5625,39.1875,-12.04091,-1.6875,0.00299725
45014.4544,16.5,39.125,-12.13606,-1.1875,0.00298012
45014.4569,16.4375,38.9375,-12.25399,-1.3125,0.002995693
45014.4594,16.375,38.75,-12.38449,-1.5625,0.002991021
45014.4619,16.5625,38.625,-12.51299,-1.5,0.003039297
45014.4644,16.5625,38.5625,-12.62831,-1.6875,0.003022167
45014.4669,16.4375,38.8125,-12.72794,-1.75,0.002981677
45014.4694,16.4375,38.6875,-12.8187,-2.4375,0.003001922
45014.4719,16.875,38.3125,-12.91332,-1.6875,0.00302061
45014.4744,17.1875,38.0,-13.0248,-1.6875,0.00303774
45014.4769,17.1875,38.25,-13.16093,-1.8125,0.002994136
45014.4794,16.9375,38.4375,-13.32094,-1.5,0.002958318
45014.4819,16.6875,38.625,-13.49529,-1.4375,0.002878895
45014.4844,16.625,37.6875,-13.66882,-1.375,0.002931844
45014.4869,16.625,37.0625,-13.82608,-1.8125,0.003129621
45014.4894,17.125,37.25,-13.9572,-1.375,0.003355429
45014.4919,17.3125,37.5625,-14.06179,-1.6875,0.00352829
45014.4944,17.125,37.625,-14.14907,-1.6875,0.00360304
45014.4969,16.875,37.375,-14.23331,-1.875,0.003383461
45014.4994,17.0625,36.9375,-14.32628,-1.5625,0.00295676
45014.5019,17.375,36.9375,-14.42959,-1.5625,0.002804145
45014.5044,17.5625,36.9375,-14.53061,-0.9375,0.002813489
45014.5069,17.5,36.8125,-14.60415,-1.8125,0.002810374
45014.5094,17.625,37.0,-14.61921,-1.625,0.002872666
45014.5119,17.6875,36.75,-14.54727,-1.5625,0.00295676
45014.5144,18.0,36.5,-14.36773,-1.125,0.002977005
45014.5169,18.3125,36.5625,-14.06704,-1.4375,0.003022167
45014.5194,18.5625,36.75,-13.63282,-1.5,0.003025282
45014.5219,18.625,36.5,-13.04701,-1.25,0.003022167
45014.5244,18.25,36.3125,-12.28462,-1.1875,0.003019052
45014.5269,17.9375,36.125,-11.32165,-1.5,0.003003479
45014.5294,17.75,35.6875,-10.15077,-1.1875,0.003026839
45014.5319,17.8125,35.9375,-8.798167,-1.5,0.003026839
45014.5344,18.75,36.125,-7.332124,-1.0625,0.003019052
45014.5369,19.0,36.0625,-5.855346,-0.9375,0.003001922
45014.5394,18.3125,35.8125,-4.480327,-1.375,0.003019052
45014.5419,17.9375,35.6875,-3.294547,-0.625,0.003045527
45014.5444,17.5,34.9375,-2.328691,-1.25,0.003026839
45014.5469,18.0625,35.0625,-1.5407,-1.4375,0.003023724
45014.5494,18.625,35.5625,-0.8226292,-1.0,0.003003479
45014.5519,18.6875,35.25,-0.02798749,-1.875,0.003014381
45014.5544,18.625,35.125,0.9907266,-1.875,0.003056428
45014.5569,18.25,34.9375,2.347723,-1.8125,0.003042412
45014.5594,17.9375,34.75,4.10326,-1.5625,0.003031511
45014.5619,17.9375,34.625,6.259819,-2.4375,0.003005037
45014.5644,18.375,34.6875,8.770928,-1.8125,0.003019052
45014.5669,18.5625,34.875,11.55478,-1.75,0.00305487
45014.5694,18.625,34.4375,14.50592,-1.6875,0.00303774
45014.5719,18.1875,34.25,17.50359,-1.75,0.003031511
45014.5744,18.3125,34.1875,20.41961,-1.8125,0.003011266
45014.5769,18.5625,34.1875,23.1307,-1.5625,0.003006594
45014.5794,18.8125,34.1875,25.53737,-1.6875,0.003034625
45014.5819,18.9375,34.0625,27.58548,-1.3125,0.00303774
45014.5844,18.5,33.9375,29.28162,-1.5625,0.00303774
45014.5869,18.25,33.625,30.69296,-1.0625,0.003014381
45014.5894,18.3125,33.625,31.9271,-1.8125,0.003028396
45014.5919,18.9375,33.6875,33.09583,-2.375,0.003033068
45014.5944,19.0,33.6875,34.27687,-1.8125,0.003028396
45014.5969,18.8125,33.3125,35.48867,-1.9375,0.003028396
45014.5994,18.4375,33.1875,36.68897,-1.4375,0.003006594
45014.6019,18.5625,33.3125,37.79854,-1.6875,0.003051756
45014.6044,18.875,33.1875,38.73957,-1.6875,0.003053313
45014.6069,19.0,33.125,39.47275,-1.5,0.003011266
45014.6094,19.0625,33.1875,40.01798,-1.875,0.003017495
45014.6119,18.75,32.875,40.45031,-2.25,0.003045527
45014.6144,18.5625,32.8125,40.87424,-2.0625,0.003068886
45014.6169,18.5,32.75,41.38816,-1.75,0.003034625
45014.6194,18.6875,32.8125,42.05344,-1.5625,0.003005037
45014.6219,18.6875,32.5625,42.87989,-1.5625,0.003019052
45014.6244,18.5625,32.25,43.83045,-1.5625,0.00303774
45014.6269,18.6875,32.3125,44.84018,-1.875,0.003076673
45014.6294,18.875,32.5,45.83908,-1.5,0.0030611
45014.6319,18.9375,32.5,46.76964,-1.4375,0.003017495
45014.6344,18.875,32.1875,47.59335,-1.5625,0.003015938
45014.6369,18.875,32.125,48.28754,-1.8125,0.00305487
45014.6394,18.8125,31.75,48.8382,-2.125,0.003070443
45014.6419,18.875,31.9375,49.23467,-1.9375,0.003034625
45014.6444,18.75,31.875,49.47036,-1.875,0.003034625
45014.6469,19.125,31.6875,49.54888,-1.8125,0.003065771
45014.6494,18.75,31.25,49.49149,-1.5625,0.0030611
45014.6519,18.8125,31.375,49.34062,-1.8125,0.003076673
45014.6544,18.875,31.8125,49.15604,-1.5625,0.003062657
45014.6569,18.9375,31.6875,49.00379,-1.8125,0.003048641
45014.6594,19.0625,31.4375,48.9413,-1.8125,0.003057985
45014.6619,19.0625,31.375,49.00441,-1.9375,0.003098475
45014.6644,18.9375,31.0,49.20095,-2.3125,0.003123392
45014.6669,18.5,30.3125,49.51231,-1.75,0.003100032
45014.6694,18.375,31.25,49.90128,-2.0625,0.003106261
45014.6719,18.625,31.125,50.32135,-2.0,0.00311249
45014.6744,18.625,31.0625,50.72364,-1.6875,0.003140522
45014.6769,18.5625,30.875,51.0593,-1.75,0.00315298
45014.6794,18.25,30.5625,51.27974,-2.0625,0.00315298
45014.6819,17.8125,30.6875,51.33923,-2.0,0.003198142
45014.6844,17.6875,30.625,51.20394,-1.6875,0.003229288
45014.6869,17.875,30.6875,50.86734,-1.3125,0.003223059
45014.6894,17.75,30.5,50.3661,-1.1875,0.003226173
45014.6919,17.875,30.5625,49.78654,-1.3125,0.003252647
45014.6944,17.875,30.5,49.25258,-1.9375,0.003297809
45014.6969,17.8125,30.5,48.89296,-1.5,0.003319611
45014.6994,17.75,30.4375,48.79642,-1.6875,0.003302481
45014.7019,17.75,30.25,48.97221,-1.5625,0.003277564
45014.7044,17.9375,30.125,49.33555,-1.625,0.003263549
45014.7069,17.9375,30.25,49.73008,-1.5,0.003265106
45014.7094,17.4375,30.4375,49.98339,-1.5,0.003266663
45014.7119,17.375,29.9375,49.97501,-1.375,0.003237074
45014.7144,17.875,29.625,49.68689,-1.5,0.003173225
45014.7169,18.125,29.4375,49.21114,-1.625,0.003154538
45014.7194,18.0,29.875,48.7084,-1.6875,0.003129621
45014.7219,18.25,29.9375,48.33297,-1.625,0.003110933
45014.7244,18.375,30.0,48.15951,-1.8125,0.003100032
45014.7269,18.5625,30.0,48.14682,-1.75,0.003068886
45014.7294,18.6875,29.875,48.15812,-1.5,0.003048641
45014.7319,18.6875,30.1875,48.02888,-1.5625,0.003073558
45014.7344,18.5,30.25,47.64883,-1.6875,0.00305487
45014.7369,18.5625,30.1875,47.01537,-1.5625,0.003042412
45014.7394,18.8125,30.625,46.22937,-1.625,0.003011266
45014.7419,18.8125,31.1875,45.43347,-1.875,0.003022167
45014.7444,18.1875,31.625,44.72372,-1.5625,0.003028396
45014.7469,18.375,32.5625,44.08089,-1.6875,0.003012823
45014.7494,18.5625,33.0,43.35968,-1.9375,0.003022167
45014.7519,18.5625,33.4375,42.34411,-2.0,0.003003479
45014.7544,18.625,34.1875,40.84276,-1.875,0.002991021
45014.7569,18.5625,34.875,38.77526,-1.875,0.003023724
45014.7594,18.1875,35.5,36.2048,-2.125,0.003031511
45014.7619,17.9375,36.0,33.29893,-2.0625,0.003009709
45014.7644,18.0,36.4375,30.23936,-1.5,0.003015938
45014.7669,18.25,36.9375,27.1292,-1.625,0.003036183
45014.7694,18.25,37.375,23.94865,-2.0,0.003023724
45014.7719,18.0,37.8125,20.58495,-1.6875,0.002987906
45014.7744,17.75,38.3125,16.92252,-2.0,0.002981677
45014.7769,17.3125,38.375,12.94614,-2.5625,0.003012823
45014.7794,17.625,38.8125,8.801437,-2.875,0.003042412
45014.7819,18.0,39.375,4.77727,-2.125,0.003006594
45014.7844,18.5,39.9375,1.214606,-2.1875,0.002977005
45014.7869,18.0,40.25,-1.615731,-2.3125,0.002983235
45014.7894,17.6875,40.3125,-3.608428,-2.25,0.003003479
45014.7919,17.6875,40.75,-4.847682,-2.0625,0.003028396
45014.7944,17.875,41.375,-5.551543,-1.875,0.002991021
45014.7969,18.0,41.625,-5.967318,-2.0,0.00299725
45014.7994,17.9375,41.875,-6.27059,-1.875,0.003001922
45014.8019,18.125,42.1875,-6.514942,-1.8125,0.002998808
45014.8044,18.0625,42.5625,-6.6505,-2.0625,0.00299725
45014.8069,18.0,42.6875,-6.593362,-2.0,0.003011266
45014.8094,17.8125,43.0,-6.303883,-1.75,0.002994136
45014.8119,17.875,43.25,-5.831795,-1.8125,0.002972333
45014.8144,18.0,43.6875,-5.307168,-2.0625,0.003001922
45014.8169,17.9375,43.75,-4.88705,-2.375,0.003009709
45014.8194,17.9375,43.875,-4.690017,-2.0,0.002995693
45014.8219,17.9375,44.125,-4.753986,-2.1875,0.002989464
45014.8244,17.8125,44.3125,-5.036892,-1.375,0.002978563
45014.8269,18.0,44.5,-5.454985,-1.625,0.002992578
45014.8294,18.0,44.4375,-5.934131,-1.5,0.002978563
45014.8319,18.0625,44.625,-6.445748,-1.5625,0.00298012
45014.8344,17.8125,44.8125,-7.010279,-1.75,0.002987906
45014.8369,17.8125,44.75,-7.671002,-1.0,0.002987906
45014.8394,18.0,44.9375,-8.456096,-1.9375,0.002994136
45014.8419,17.875,44.5625,-9.351025,-2.125,0.002975448
45014.8444,17.3125,44.25,-10.29438,-1.6875,0.002970776
45014.8469,16.75,44.625,-11.19593,-2.0625,0.002984792
45014.8494,16.9375,44.5,-11.96401,-1.625,0.002998808
45014.8519,17.3125,44.5,-12.52772,-1.9375,0.002992578
45014.8544,17.75,44.3125,-12.84541,-1.625,0.002978563
45014.8569,17.9375,44.25,-12.90182,-1.6875,0.002970776
45014.8594,17.625,44.0,-12.70195,-1.6875,0.002998808
45014.8619,16.9375,43.75,-12.26934,-1.8125,0.003011266
45014.8644,16.5625,42.9375,-11.6491,-1.375,0.003012823
45014.8669,16.375,42.6875,-10.90941,-1.6875,0.002970776
45014.8694,16.5,42.9375,-10.13343,-1.9375,0.002964547
45014.8719,16.25,43.0,-9.39899,-1.5625,0.002964547
45014.8744,15.75,42.75,-8.753034,-1.4375,0.002994136
45014.8769,15.5625,42.5,-8.19421,-0.6875,0.003008151
45014.8794,16.0,42.5625,-7.676177,-1.1875,0.002994136
45014.8819,16.6875,42.75,-7.1345,-1.0625,0.002994136
45014.8844,16.625,42.625,-6.527072,-0.875,0.002977005
45014.8869,16.125,42.6875,-5.868439,-0.5625,0.003005037
45014.8894,15.8125,42.75,-5.238988,-0.625,0.003008151
45014.8919,16.0625,43.125,-4.761188,-0.875,0.002972333
45014.8944,16.5,43.3125,-4.550968,-1.125,0.002967662
45014.8969,16.5,43.625,-4.665743,-1.125,0.003001922
45014.8994,16.4375,43.875,-5.073307,-1.125,0.003043969
45014.9019,16.4375,43.8125,-5.656857,-1.25,0.003017495
45014.9044,16.1875,43.9375,-6.254853,-0.75,0.002973891
45014.9069,16.6875,43.5,-6.718229,-0.75,0.003001922
45014.9094,17.0,43.125,-6.960482,-0.6875,0.003019052
45014.9119,16.9375,43.125,-6.979895,-1.0625,0.003019052
45014.9144,16.75,43.25,-6.847305,-0.5625,0.002998808
45014.9169,17.125,43.125,-6.667673,-1.125,0.00299725
45014.9194,17.0625,43.125,-6.534662,-1.0625,0.003019052
45014.9219,17.25,42.9375,-6.497397,-1.1875,0.00302061
45014.9244,17.4375,42.9375,-6.551445,-1.1875,0.00302061
45014.9269,17.5,42.75,-6.652833,-1.125,0.002989464
45014.9294,17.25,42.6875,-6.745183,-1.25,0.002995693
45014.9319,17.4375,42.6875,-6.785491,-1.125,0.003025282
45014.9344,17.4375,42.75,-6.758473,-0.625,0.003015938
45014.9369,17.6875,42.5625,-6.676175,-0.8125,0.002987906
45014.9394,17.1875,42.25,-6.567068,-1.125,0.002978563
45014.9419,17.0,42.5,-6.461853,-0.8125,0.002989464
45014.9444,17.25,42.5625,-6.382748,-0.625,0.003028396
45014.9469,17.4375,42.25,-6.339041,-0.6875,0.003005037
45014.9494,17.4375,42.125,-6.32824,-0.625,0.002973891
45014.9519,17.3125,41.8125,-6.339822,-0.3125,0.002945859
45014.9544,17.4375,41.5625,-6.359025,-0.4375,0.002964547
45014.9569,17.5625,41.75,-6.370036,-0.5,0.002987906
45014.9594,17.4375,41.5625,-6.359389,-0.6875,0.003006594
45014.9619,17.125,41.375,-6.320047,-0.5,0.003048641
45014.9644,17.0625,41.0,-6.255624,-0.9375,0.003056428
45014.9669,17.125,40.9375,-6.182621,-1.25,0.003068886
45014.9694,17.3125,40.875,-6.128199,-1.0625,0.00307823
45014.9719,17.0625,40.5,-6.122427,-1.625,0.003064214
45014.9744,17.125,40.3125,-6.186843,-1.375,0.003087574
45014.9769,17.5,40.9375,-6.323648,-1.1875,0.003114048
45014.9794,17.1875,41.125,-6.510221,-1.1875,0.003107819
45014.9819,16.75,40.375,-6.703792,-1.375,0.003090688
45014.9844,16.75,40.0625,-6.855275,-1.3125,0.003028396
45014.9869,17.0625,40.0,-6.927288,-1.3125,0.003015938
45014.9894,16.875,39.75,-6.909645,-1.5625,0.002977005
45014.9919,16.75,40.25,-6.825044,-1.75,0.002967662
45014.9944,16.6875,40.0625,-6.721929,-1.1875,0.002969219
45014.9969,16.6875,39.75,-6.656971,-0.9375,0.002961432
45014.9994,16.4375,39.375,-6.672928,-0.75,0.002969219
45015.0019,16.5625,39.5625,-6.781125,-1.0625,0.002967662
45015.0044,16.625,39.625,-6.955971,-1.1875,0.002989464
45015.0069,16.6875,39.375,-7.144233,-1.875,0.002958318
45015.0094,16.625,39.25,-7.285826,-1.625,0.002941187
45015.0119,16.4375,38.9375,-7.337617,-1.625,0.002955203
45015.0144,16.5625,38.8125,-7.290209,-1.5625,0.002964547
45015.0169,16.5625,38.75,-7.170535,-1.5625,0.002978563
45015.0194,16.4375,38.8125,-7.029615,-1.375,0.002961432
45015.0219,16.6875,38.4375,-6.920885,-1.3125,0.002934958
45015.0244,16.75,38.6875,-6.878732,-1.5625,0.002944302
45015.0269,16.625,38.5625,-6.906786,-1.125,0.002978563
45015.0294,16.75,38.375,-6.980182,-1.375,0.003001922
45015.0319,16.75,38.0,-7.060131,-1.3125,0.002952089
45015.0344,16.75,37.875,-7.113189,-1.25,0.00293963
45015.0369,16.75,37.75,-7.126045,-0.75,0.002944302
45015.0394,16.9375,37.625,-7.109073,-1.1875,0.002975448
45015.0419,17.0,37.625,-7.087942,-1.0,0.002975448
45015.0444,17.0,37.625,-7.088081,-1.125,0.002928729
45015.0469,16.9375,37.6875,-7.12033,-1.4375,0.002892911
45015.0494,17.0,37.4375,-7.175114,-1.3125,0.00286488
45015.0519,16.875,37.25,-7.227725,-1.3125,0.002936516
45015.0544,17.1875,37.125,-7.251581,-1.4375,0.003117162
45015.0569,17.125,37.25,-7.232452,-1.6875,0.003335184
45015.0594,17.0,36.9375,-7.175875,-1.625,0.003543863
45015.0619,17.125,37.0,-7.104584,-1.375,0.003556321
45015.0644,17.25,37.0,-7.047178,-1.75,0.003243304
45015.0669,17.1875,36.625,-7.024043,-1.625,0.002825947
45015.0694,16.6875,36.5,-7.037515,-1.5,0.002749639
45015.0719,16.8125,36.4375,-7.07039,-1.625,0.002758983
45015.0744,16.875,36.375,-7.09244,-1.75,0.002777671
45015.0769,16.8125,36.4375,-7.070267,-1.4375,0.00284152
45015.0794,16.6875,36.4375,-6.974841,-1.5625,0.002900698
45015.0819,16.8125,36.25,-6.782986,-1.4375,0.002961432
45015.0844,17.0625,36.0,-6.473523,-1.4375,0.002986349
45015.0869,17.1875,36.0625,-6.022403,-1.4375,0.002986349
45015.0894,17.125,35.875,-5.401882,-1.3125,0.002964547
45015.0919,17.0,36.0,-4.586763,-1.25,0.00293963
45015.0944,16.8125,35.8125,-3.56637,-1.1875,0.00298012
45015.0969,16.5625,35.6875,-2.356781,-0.625,0.002992578
45015.0994,16.5625,35.6875,-1.006644,-1.25,0.002984792
45015.1019,16.5625,35.5625,0.4081978,-1.0,0.002973891
45015.1044,16.5,35.4375,1.801205,-1.0625,0.002945859
45015.1069,16.625,35.0,3.097769,-1.125,0.00295676
45015.1094,16.75,35.25,4.256577,-1.125,0.003017495
45015.1119,16.6875,35.1875,5.282808,-1.375,0.002989464
45015.1144,16.8125,35.375,6.229651,-1.5625,0.002972333
45015.1169,16.75,35.0625,7.188529,-1.1875,0.002964547
45015.1194,16.9375,34.8125,8.271762,-1.125,0.00298012
45015.1219,16.9375,34.625,9.591751,-1.125,0.00298012
45015.1244,16.8125,34.625,11.24073,-1.9375,0.002973891
45015.1269,16.875,34.625,13.27348,-1.4375,0.00299725
45015.1294,17.3125,34.625,15.69518,-1.25,0.002983235
45015.1319,18.25,34.75,18.45659,-1.125,0.002977005
45015.1344,21.1875,35.125,21.45869,-1.25,0.002992578
45015.1369,23.1875,36.1875,24.56752,-1.4375,0.002994136
45015.1394,17.1875,33.625,27.63724,-1.25,0.002991021
45015.1419,9.8125,31.75,30.53604,-1.375,0.002981677
45015.1444,11.375,33.0,33.16748,-1.4375,0.003012823
45015.1469,19.1875,34.3125,35.48058,-1.625,0.003006594
45015.1494,23.4375,35.375,37.46557,-1.8125,0.002981677
45015.1519,20.375,34.5,39.1387,-1.4375,0.002987906
45015.1544,14.4375,32.5,40.52349,-1.4375,0.002981677
45015.1569,12.0625,32.4375,41.63707,-1.6875,0.003008151
45015.1594,15.6875,33.5625,42.48803,-1.0625,0.002998808
45015.1619,20.1875,34.25,43.08599,-1.5,0.002998808
45015.1644,21.0625,34.125,43.45615,-1.5625,0.002995693
45015.1669,18.25,33.3125,43.64918,-1.75,0.002991021
45015.1694,15.3125,32.6875,43.73944,-1.6875,0.003029954
45015.1719,15.25,32.75,43.81022,-1.0625,0.003014381
45015.1744,17.4375,33.25,43.9325,-1.375,0.002981677
45015.1769,19.375,33.625,44.14777,-2.1875,0.00299725
45015.1794,19.1875,33.3125,44.46262,-1.5625,0.00302061
45015.1819,17.3125,32.9375,44.85796,-1.75,0.0030611
45015.1844,15.9375,32.5625,45.30759,-1.8125,0.003011266
45015.1869,16.125,32.5,45.79625,-1.375,0.00298012
45015.1894,17.5625,32.5,46.32837,-1.25,0.002995693
45015.1919,18.5,32.75,46.92396,-1.0625,0.003015938
45015.1944,18.3125,32.5625,47.60455,-1.25,0.003053313
45015.1969,17.5,32.5625,48.3776,-1.5625,0.003047084
45015.1994,17.0625,32.625,49.22752,-1.875,0.003034625
45015.2019,17.1875,32.3125,50.11721,-2.375,0.003014381
45015.2044,17.6875,32.25,50.99827,-1.875,0.003051756
45015.2069,18.0625,32.3125,51.82359,-1.375,0.003067329
45015.2094,17.9375,32.3125,52.55622,-1.375,0.00303774
45015.2119,17.5625,32.125,53.1713,-1.5625,0.003048641
45015.2144,17.1875,31.8125,53.65277,-1.1875,0.003064214
45015.2169,16.9375,31.5,53.98904,-1.375,0.003072001
45015.2194,17.25,31.375,54.17124,-1.4375,0.003056428
45015.2219,17.5625,31.875,54.19488,-1.625,0.003040855
45015.2244,17.6875,32.125,54.06241,-1.875,0.003086016
45015.2269,17.5625,31.875,53.78377,-1.9375,0.00307823
45015.2294,17.1875,31.4375,53.37391,-2.25,0.003092246
45015.2319,17.4375,31.375,52.85,-2.0,0.003101589
45015.2344,17.5,31.5,52.2319,-2.1875,0.003098475
45015.2369,17.1875,31.5,51.54803,-2.5625,0.003104704
45015.2394,17.1875,31.5,50.8443,-2.1875,0.003126506
45015.2419,17.0,31.25,50.18842,-2.5,0.003137407
45015.2444,16.875,31.0,49.66309,-2.0625,0.003138965
45015.2469,17.125,31.5,49.34506,-1.375,0.003137407
45015.2494,17.1875,31.1875,49.27647,-2.0,0.003173225
45015.2519,17.375,31.5625,49.44169,-2.125,0.003202814
45015.2544,17.25,31.125,49.76313,-1.3125,0.003218387
45015.2569,16.75,31.0,50.12228,-1.75,0.003196585
45015.2594,16.6875,31.3125,50.39965,-1.1875,0.003207486
45015.2619,16.8125,31.125,50.5159,-1.1875,0.003260434
45015.2644,17.0625,31.4375,50.45455,-1.5,0.003294695
45015.2669,16.875,31.1875,50.25413,-1.375,0.003300924
45015.2694,16.625,31.125,49.9741,-1.375,0.003254205
45015.2719,16.4375,31.1875,49.65266,-1.75,0.00325109
45015.2744,17.0,31.5625,49.28061,-1.8125,0.003261991
45015.2769,17.3125,31.9375,48.8063,-2.0,0.00325109
45015.2794,17.375,32.375,48.17043,-2.1875,0.003215272
45015.2819,16.8125,32.75,47.35075,-2.5,0.003170111
45015.2844,16.8125,33.4375,46.3905,-2.375,0.003157652
45015.2869,16.9375,34.0,45.39185,-2.25,0.003138965
45015.2894,17.0,34.6875,44.47515,-2.375,0.00311249
45015.2919,17.125,35.5625,43.72537,-2.5625,0.003086016
45015.2944,17.125,36.1875,43.15511,-2.375,0.003073558
45015.2969,17.0625,36.75,42.70598,-2.625,0.003070443
45015.2994,17.0,37.25,42.28809,-2.25,0.00307823
45015.3019,16.9375,37.5,41.83469,-2.1875,0.003068886
45015.3044,17.0625,37.75,41.33838,-1.6875,0.003067329
45015.3069,17.3125,38.125,40.84454,-1.8125,0.003033068
45015.3094,17.3125,38.8125,40.40144,-1.6875,0.003075115
45015.3119,17.25,39.5625,39.99451,-1.8125,0.003062657
45015.3144,17.125,39.875,39.5041,-2.0,0.003045527
45015.3169,17.25,39.8125,38.71807,-2.1875,0.003026839
45015.3194,17.5625,40.125,37.40159,-2.5,0.003033068
45015.3219,17.5,40.5,35.39443,-3.0,0.0030611
45015.3244,17.5,41.375,32.68736,-2.6875,0.00307823
45015.3269,17.5,41.625,29.43605,-2.625,0.003040855
45015.3294,17.4375,42.0625,25.90096,-2.3125,0.00302061
45015.3319,17.75,42.3125,22.34039,-2.5,0.003053313
45015.3344,17.625,42.75,18.90906,-2.625,0.003072001
45015.3369,17.3125,43.4375,15.61425,-2.375,0.003047084
45015.3394,17.0625,43.6875,12.35157,-2.1875,0.00302061
45015.3419,17.125,43.6875,9.001884,-2.125,0.003022167
45015.3444,17.5,43.875,5.537425,-1.5,0.003068886
45015.3469,17.5625,44.5625,2.080519,-1.5,0.003098475
45015.3494,17.5,44.8125,-1.118546,-1.4375,0.003072001
45015.3519,17.25,45.1875,-3.775154,-1.75,0.003056428
45015.3544,17.375,45.25,-5.689379,-1.5,0.003045527
45015.3569,17.625,45.5,-6.830793,-1.9375,0.0030611
45015.3594,17.8125,45.875,-7.347411,-1.5625,0.003057985
45015.3619,17.75,45.9375,-7.495535,-2.125,0.003062657
45015.3644,17.625,46.1875,-7.527458,-2.1875,0.003059542
45015.3669,17.5,46.5,-7.592945,-1.25,0.003047084
45015.3694,17.6875,46.4375,-7.700952,-1.3125,0.003056428
45015.3719,17.5625,46.75,-7.755055,-1.125,0.003068886
45015.3744,17.6875,46.875,-7.638191,-0.875,0.003045527
45015.3769,17.75,47.0,-7.299186,-1.0,0.003053313
45015.3794,17.625,47.125,-6.796689,-1.25,0.003056428
45015.3819,17.6875,47.1875,-6.281663,-1.4375,0.003056428
45015.3844,17.75,47.25,-5.932662,-1.75,0.003042412
45015.3869,17.875,47.5,-5.881248,-1.375,0.003025282
45015.3894,17.75,47.5,-6.166163,-1.3125,0.00305487
45015.3919,17.5625,47.5625,-6.735837,-1.375,0.00305487
45015.3944,17.5625,47.5625,-7.491522,-0.8125,0.003059542
45015.3969,17.75,47.6875,-8.34262,-1.5,0.003040855
45015.3994,18.0,47.75,-9.243133,-1.1875,0.003025282
45015.4019,18.0625,47.6875,-10.19198,-1.25,0.003042412
45015.4044,18.0625,47.4375,-11.20272,-1.25,0.003086016
45015.4069,17.8125,47.3125,-12.26465,-1.5,0.003082902
45015.4094,17.625,47.125,-13.32017,-1.5,0.003040855
45015.4119,18.0625,47.125,-14.27177,-1.5,0.00302061
45015.4144,18.3125,46.875,-15.01357,-1.5,0.003036183
45015.4169,18.4375,46.5625,-15.46874,-1.5625,0.003059542
45015.4194,18.25,46.125,-15.61239,-1.125,0.003062657
45015.4219,17.875,46.1875,-15.4695,-1.625,0.003023724
45015.4244,17.5625,45.75,-15.09239,-1.8125,0.003025282
45015.4269,17.875,45.625,-14.53345,-1.4375,0.003051756
45015.4294,18.3125,45.125,-13.8291,-1.4375,0.003062657
45015.4319,18.3125,44.9375,-13.00238,-1.5625,0.003064214
45015.4344,18.0625,44.375,-12.07854,-1.375,0.003053313
45015.4369,18.0,43.8125,-11.10018,-1.5,0.003042412
45015.4394,18.125,43.625,-10.12943,-1.5625,0.00305487
45015.4419,18.375,44.25,-9.233737,-1.5,0.003065771
45015.4444,18.125,43.8125,-8.46297,-1.8125,0.003065771
45015.4469,17.6875,43.1875,-7.832212,-1.875,0.003056428
45015.4494,17.6875,43.1875,-7.321508,-1.5625,0.003047084
45015.4519,17.75,43.1875,-6.894445,-1.875,0.003043969
45015.4544,17.4375,43.3125,-6.525819,-2.5,0.003042412
45015.4569,16.4375,43.375,-6.222783,-2.0625,0.003034625
45015.4594,14.3125,43.25,-6.026873,-1.875,0.003036183
45015.4619,13.0,42.75,-5.994327,-1.625,0.003057985
45015.4644,15.0,42.875,-6.164404,-1.75,0.003059542
45015.4669,18.4375,43.75,-6.53194,-2.0,0.003048641
45015.4694,19.3125,44.0,-7.038747,-1.8125,0.003015938
45015.4719,16.8125,43.3125,-7.588756,-1.5,0.003028396
45015.4744,15.0,42.4375,-8.080008,-1.1875,0.003068886
45015.4769,15.6875,42.125,-8.438508,-1.1875,0.003062657
45015.4794,17.5,42.1875,-8.638598,-1.25,0.003026839
45015.4819,18.0625,42.25,-8.701888,-1.4375,0.003014381
45015.4844,17.6875,42.125,-8.677508,-0.8125,0.003047084
45015.4869,17.0625,41.8125,-8.615054,-1.4375,0.003072001
45015.4894,16.4375,41.5,-8.543747,-1.1875,0.003047084
45015.4919,16.75,41.375,-8.466764,-1.5625,0.003028396
45015.4944,17.625,41.4375,-8.371127,-1.625,0.003042412
45015.4969,18.0625,41.375,-8.245669,-1.3125,0.003043969
45015.4994,18.0625,41.4375,-8.096211,-1.125,0.003076673
45015.5019,17.4375,40.875,-7.949661,-1.3125,0.00305487
45015.5044,17.125,40.625,-7.845041,-1.4375,0.003040855
45015.5069,17.3125,40.6875,-7.81656,-1.3125,0.003053313
45015.5094,17.75,40.6875,-7.877266,-1.0625,0.003048641
45015.5119,17.8125,40.5625,-8.011602,-1.375,0.003043969
45015.5144,17.375,40.3125,-8.180558,-0.75,0.003040855
45015.5169,17.0625,40.1875,-8.337124,-0.9375,0.003017495
45015.5194,16.875,40.0625,-8.445209,-1.1875,0.002986349
45015.5219,17.1875,39.875,-8.493731,-1.6875,0.00299725
45015.5244,17.5,40.125,-8.499785,-1.6875,0.003022167
45015.5269,17.3125,39.625,-8.499624,-1.875,0.003043969
45015.5294,16.75,39.4375,-8.531289,-2.0625,0.003086016
45015.5319,16.4375,39.3125,-8.61629,-1.9375,0.003103147
45015.5344,16.5,39.0,-8.748016,-1.5625,0.003131178
45015.5369,16.75,38.875,-8.892048,-1.75,0.003132735
45015.5394,17.1875,38.9375,-8.998711,-1.9375,0.003131178
45015.5419,16.875,38.875,-9.023185,-2.125,0.003157652
45015.5444,16.5,39.0,-8.944549,-2.3125,0.003184126
45015.5469,16.5,38.9375,-8.776039,-2.1875,0.003182569
45015.5494,16.6875,38.3125,-8.562084,-2.25,0.003115605
45015.5519,17.0,37.9375,-8.362316,-2.25,0.003040855
45015.5544,17.4375,38.25,-8.228539,-1.8125,0.003043969
45015.5569,17.1875,38.5,-8.184271,-1.4375,0.003047084
45015.5594,16.9375,38.75,-8.215323,-2.0625,0.003036183
45015.5619,16.875,38.5,-8.27609,-2.0,0.003026839
45015.5644,17.0,37.8125,-8.309129,-1.5,0.00302061
45015.5669,17.375,37.5,-8.26937,-1.1875,0.003014381
45015.5694,17.4375,37.6875,-8.143126,-1.5625,0.003029954
45015.5719,17.375,37.9375,-7.953994,-1.8125,0.003034625
45015.5744,17.125,37.9375,-7.753632,-1.6875,0.003012823
45015.5769,17.125,37.625,-7.601811,-1.4375,0.003000365
45015.5794,17.0625,37.375,-7.544597,-1.5625,0.003023724
45015.5819,17.4375,37.125,-7.59888,-1.25,0.003033068
45015.5844,17.5,37.375,-7.748919,-1.3125,0.003036183
45015.5869,17.5,37.125,-7.954656,-1.4375,0.003014381
45015.5894,17.25,37.0625,-8.167087,-1.0,0.002998808
45015.5919,17.125,36.8125,-8.344122,-1.0625,0.003015938
45015.5944,17.1875,36.625,-8.461254,-1.125,0.003039297
45015.5969,17.375,36.75,-8.514797,-1.3125,0.003031511
45015.5994,17.625,36.6875,-8.51845,-1.5625,0.003011266
45015.6019,17.4375,36.6875,-8.496325,-1.4375,0.003009709
45015.6044,17.4375,36.375,-8.475177,-1.0,0.003019052
45015.6069,17.6875,36.375,-8.477453,-1.5,0.003022167
45015.6094,17.625,36.3125,-8.515918,-1.4375,0.002998808
45015.6119,17.4375,36.25,-8.58992,-1.625,0.002967662
45015.6144,17.5625,36.0625,-8.68426,-1.6875,0.0029225
45015.6169,17.4375,36.0625,-8.772195,-1.5,0.002885125
45015.6194,17.4375,35.9375,-8.823202,-1.5625,0.002947417
45015.6219,17.375,35.6875,-8.813967,-1.25,0.003154538
45015.6244,17.4375,35.3125,-8.738895,-1.1875,0.003402148
45015.6269,17.625,35.4375,-8.615197,-0.875,0.003604597
45015.6294,17.8125,35.5625,-8.47858,-1.0625,0.003554764
45015.6319,17.8125,35.6875,-8.370087,-1.3125,0.003173225
45015.6344,17.6875,35.5625,-8.31854,-2.0625,0.002791687
45015.6369,17.625,35.25,-8.326372,-1.5,0.002769884
45015.6394,17.8125,35.0625,-8.365502,-1.375,0.002787015
45015.6419,17.75,35.3125,-8.385866,-1.875,0.002802588
45015.6444,17.5625,34.9375,-8.332587,-1.625,0.002872666
45015.6469,17.8125,34.8125,-8.163645,-2.0,0.002934958
45015.6494,17.9375,34.625,-7.859426,-1.5625,0.002977005
45015.6519,18.0,34.75,-7.419941,-2.25,0.002998808
45015.6544,18.1875,35.0625,-6.852204,-1.75,0.002987906
45015.6569,18.0625,35.0,-6.156168,-1.1875,0.002984792
45015.6594,18.25,34.6875,-5.318353,-1.625,0.002953646
45015.6619,18.5,34.5625,-4.318731,-1.5625,0.002967662
45015.6644,18.9375,34.75,-3.148327,-1.8125,0.003014381
45015.6669,17.8125,34.5,-1.828418,-2.0,0.002986349
45015.6694,16.375,34.25,-0.4198767,-1.8125,0.003003479
45015.6719,16.8125,34.5,0.9854342,-1.75,0.002983235
45015.6744,18.5625,34.6875,2.290388,-1.8125,0.002973891
45015.6769,19.125,34.5,3.426639,-1.875,0.003012823
45015.6794,18.625,34.25,4.382756,-2.0,0.003011266
45015.6819,17.625,33.625,5.214801,-1.9375,0.002989464
45015.6844,17.125,33.75,6.0347,-2.1875,0.002972333
45015.6869,17.375,34.0,6.980811,-2.3125,0.003008151
45015.6894,17.9375,33.875,8.182055,-2.0625,0.003011266
45015.6919,18.4375,33.5625,9.727913,-2.0625,0.002994136
45015.6944,17.875,33.1875,11.65254,-1.75,0.00299725
45015.6969,17.1875,33.125,13.93433,-1.625,0.003001922
45015.6994,17.0625,32.6875,16.50652,-1.8125,0.003025282
45015.7019,17.75,33.25,19.27245,-1.5625,0.003006594
45015.7044,18.1875,33.8125,22.12027,-1.0625,0.00298012
45015.7069,17.9375,33.5,24.93575,-1.75,0.002991021
45015.7094,17.6875,33.0625,27.6143,-1.75,0.003006594
45015.7119,17.6875,32.75,30.07302,-1.5,0.003029954
45015.7144,17.9375,33.0,32.26159,-1.6875,0.00302061
45015.7169,18.0,33.125,34.16834,-1.625,0.003022167
45015.7194,17.75,32.9375,35.81723,-1.9375,0.00302061
45015.7219,17.3125,32.9375,37.25468,-1.625,0.003043969
45015.7244,17.1875,32.6875,38.52934,-1.4375,0.003056428
45015.7269,17.5625,32.8125,39.67268,-1.5625,0.003056428
45015.7294,17.9375,32.875,40.68929,-1.875,0.003023724
45015.7319,18.125,32.9375,41.56141,-1.875,0.003005037
45015.7344,17.75,32.625,42.26496,-1.6875,0.003019052
45015.7369,17.5625,32.1875,42.78975,-1.8125,0.003053313
45015.7394,17.625,32.375,43.1534,-1.625,0.003031511
45015.7419,17.625,32.3125,43.40274,-1.75,0.003043969
45015.7444,17.5625,32.3125,43.60228,-1.875,0.003022167
45015.7469,17.5,32.4375,43.81541,-1.9375,0.003045527
45015.7494,17.375,32.125,44.08718,-1.8125,0.003064214
45015.7519,16.625,31.9375,44.43631,-1.9375,0.003023724
45015.7544,15.6875,31.5625,44.85807,-1.5625,0.003036183
45015.7569,15.9375,31.5,45.33512,-1.5,0.003029954
45015.7594,17.0625,31.875,45.84933,-1.75,0.003051756
45015.7619,17.8125,32.125,46.38899,-1.5625,0.003039297
45015.7644,17.5,31.75,46.94876,-1.75,0.003036183
45015.7669,16.625,31.4375,47.52478,-1.8125,0.003056428
45015.7694,16.1875,31.6875,48.10896,-1.6875,0.003057985
45015.7719,16.625,31.9375,48.68644,-2.0,0.003050198
45015.7744,17.0625,31.5625,49.23726,-2.0,0.003036183
45015.7769,16.9375,31.25,49.74072,-1.9375,0.003050198
45015.7794,16.8125,31.3125,50.17965,-1.9375,0.003065771
45015.7819,17.0625,31.4375,50.54209,-1.875,0.003067329
45015.7844,17.125,31.375,50.82076,-2.0,0.003070443
45015.7869,17.0625,31.3125,51.01155,-1.9375,0.003059542
45015.7894,17.0625,31.3125,51.11295,-1.9375,0.003057985
45015.7919,17.4375,31.4375,51.12694,-2.0625,0.003082902
45015.7944,17.5625,31.0625,51.06073,-1.6875,0.003086016
45015.7969,17.375,31.0625,50.92763,-1.625,0.003109376
45015.7994,17.0,30.75,50.74632,-1.5,0.003072001
45015.8019,16.9375,30.5625,50.53899,-1.5625,0.003090688
45015.8044,17.0625,30.875,50.32898,-1.75,0.003121834
45015.8069,17.125,31.0,50.13908,-1.75,0.003138965
45015.8094,17.0625,30.8125,49.98905,-1.4375,0.003151423
45015.8119,17.0,30.8125,49.89175,-1.5,0.003149866
